sweep_id	case	source	resolution	frames	fps	pan_x	pan_y	drift_fill	crf	repeat	run_id	status	wall_time_ms	preprocess_ms	mask_ms	render_ms	encode_ms	effective_generated_fps	layout_score	motion_score	loop_error	text_score	output	contact_sheet
20260427T023312Z-overscan-core	naturalist	/Users/dennisonbertram/Develop/flipbook-research/outputs/track-v/20260425T144658Z-fal-kling-fal-kling-naturalist-etching-960x540-960x540/input.png	960x540	33	24	1.0	0.5	overscan	23	0	20260427T023843Z-track-b-hybrid-sweep-naturalist-f33-p1x0-5-crf23-r0-960x540	pass	87.75270893238485	3.5378749016672373	2.5746249593794346	0.0	81.61379094235599	376.05676681077887	0.998769844365123	0.014272799715399742	0.0012184928636997938	-1.0	/Users/dennisonbertram/Develop/flipbook-research/outputs/track-b/20260427T023843Z-track-b-hybrid-sweep-naturalist-f33-p1x0-5-crf23-r0-960x540/output.mp4	/Users/dennisonbertram/Develop/flipbook-research/outputs/track-b/20260427T023843Z-track-b-hybrid-sweep-naturalist-f33-p1x0-5-crf23-r0-960x540/contact-sheet.jpg
20260427T023312Z-overscan-core	naturalist	/Users/dennisonbertram/Develop/flipbook-research/outputs/track-v/20260425T144658Z-fal-kling-fal-kling-naturalist-etching-960x540-960x540/input.png	960x540	33	24	1.0	0.5	overscan	23	1	20260427T023844Z-track-b-hybrid-sweep-naturalist-f33-p1x0-5-crf23-r1-960x540	pass	84.7609160700813	3.6160829477012157	2.7361250249668956	0.0	78.38225003797561	389.33038397927675	0.998769844365123	0.014272799715399742	0.0012184928636997938	-1.0	/Users/dennisonbertram/Develop/flipbook-research/outputs/track-b/20260427T023844Z-track-b-hybrid-sweep-naturalist-f33-p1x0-5-crf23-r1-960x540/output.mp4	/Users/dennisonbertram/Develop/flipbook-research/outputs/track-b/20260427T023844Z-track-b-hybrid-sweep-naturalist-f33-p1x0-5-crf23-r1-960x540/contact-sheet.jpg
20260427T023312Z-overscan-core	naturalist	/Users/dennisonbertram/Develop/flipbook-research/outputs/track-v/20260425T144658Z-fal-kling-fal-kling-naturalist-etching-960x540-960x540/input.png	960x540	33	24	1.0	0.5	overscan	23	2	20260427T023844Z-track-b-hybrid-sweep-naturalist-f33-p1x0-5-crf23-r2-960x540	pass	86.36520802974701	3.5938750952482224	2.612167038023472	0.0	80.13258397113532	382.09830964146715	0.998769844365123	0.014272799715399742	0.0012184928636997938	-1.0	/Users/dennisonbertram/Develop/flipbook-research/outputs/track-b/20260427T023844Z-track-b-hybrid-sweep-naturalist-f33-p1x0-5-crf23-r2-960x540/output.mp4	/Users/dennisonbertram/Develop/flipbook-research/outputs/track-b/20260427T023844Z-track-b-hybrid-sweep-naturalist-f33-p1x0-5-crf23-r2-960x540/contact-sheet.jpg
20260427T023312Z-overscan-core	naturalist	/Users/dennisonbertram/Develop/flipbook-research/outputs/track-v/20260425T144658Z-fal-kling-fal-kling-naturalist-etching-960x540-960x540/input.png	960x540	33	24	2.0	1.0	overscan	23	0	20260427T023845Z-track-b-hybrid-sweep-naturalist-f33-p2x1-crf23-r0-960x540	pass	89.80237506330013	3.7979159969836473	2.664542058482766	0.0	83.314000046812	367.4735771380086	0.998541922524665	0.02127341367304325	0.0012079020962119102	-1.0	/Users/dennisonbertram/Develop/flipbook-research/outputs/track-b/20260427T023845Z-track-b-hybrid-sweep-naturalist-f33-p2x1-crf23-r0-960x540/output.mp4	/Users/dennisonbertram/Develop/flipbook-research/outputs/track-b/20260427T023845Z-track-b-hybrid-sweep-naturalist-f33-p2x1-crf23-r0-960x540/contact-sheet.jpg
20260427T023312Z-overscan-core	naturalist	/Users/dennisonbertram/Develop/flipbook-research/outputs/track-v/20260425T144658Z-fal-kling-fal-kling-naturalist-etching-960x540-960x540/input.png	960x540	33	24	2.0	1.0	overscan	23	1	20260427T023846Z-track-b-hybrid-sweep-naturalist-f33-p2x1-crf23-r1-960x540	pass	87.0172498980537	3.5886249970644712	2.752874977886677	0.0	80.63887502066791	379.2351520952641	0.998541922524665	0.02127341367304325	0.0012079020962119102	-1.0	/Users/dennisonbertram/Develop/flipbook-research/outputs/track-b/20260427T023846Z-track-b-hybrid-sweep-naturalist-f33-p2x1-crf23-r1-960x540/output.mp4	/Users/dennisonbertram/Develop/flipbook-research/outputs/track-b/20260427T023846Z-track-b-hybrid-sweep-naturalist-f33-p2x1-crf23-r1-960x540/contact-sheet.jpg
20260427T023312Z-overscan-core	naturalist	/Users/dennisonbertram/Develop/flipbook-research/outputs/track-v/20260425T144658Z-fal-kling-fal-kling-naturalist-etching-960x540-960x540/input.png	960x540	33	24	2.0	1.0	overscan	23	2	20260427T023846Z-track-b-hybrid-sweep-naturalist-f33-p2x1-crf23-r2-960x540	pass	88.08250003494322	4.013707977719605	3.2259169965982437	0.0	80.80933394376189	374.64876663251573	0.998541922524665	0.02127341367304325	0.0012079020962119102	-1.0	/Users/dennisonbertram/Develop/flipbook-research/outputs/track-b/20260427T023846Z-track-b-hybrid-sweep-naturalist-f33-p2x1-crf23-r2-960x540/output.mp4	/Users/dennisonbertram/Develop/flipbook-research/outputs/track-b/20260427T023846Z-track-b-hybrid-sweep-naturalist-f33-p2x1-crf23-r2-960x540/contact-sheet.jpg
20260427T023312Z-overscan-core	naturalist	/Users/dennisonbertram/Develop/flipbook-research/outputs/track-v/20260425T144658Z-fal-kling-fal-kling-naturalist-etching-960x540-960x540/input.png	960x540	33	24	3.0	1.5	overscan	23	0	20260427T023847Z-track-b-hybrid-sweep-naturalist-f33-p3x1-5-crf23-r0-960x540	pass	86.0882910201326	3.9397079963237047	3.299167030490935	0.0	78.81187496241182	383.32739108832607	0.9980704442461407	0.030575033277273178	0.0012099824380129576	-1.0	/Users/dennisonbertram/Develop/flipbook-research/outputs/track-b/20260427T023847Z-track-b-hybrid-sweep-naturalist-f33-p3x1-5-crf23-r0-960x540/output.mp4	/Users/dennisonbertram/Develop/flipbook-research/outputs/track-b/20260427T023847Z-track-b-hybrid-sweep-naturalist-f33-p3x1-5-crf23-r0-960x540/contact-sheet.jpg
20260427T023312Z-overscan-core	naturalist	/Users/dennisonbertram/Develop/flipbook-research/outputs/track-v/20260425T144658Z-fal-kling-fal-kling-naturalist-etching-960x540-960x540/input.png	960x540	33	24	3.0	1.5	overscan	23	1	20260427T023847Z-track-b-hybrid-sweep-naturalist-f33-p3x1-5-crf23-r1-960x540	pass	86.67041698936373	4.004707909189165	3.225250053219497	0.0	79.40866705030203	380.7527544727261	0.9980704442461407	0.030575033277273178	0.0012099824380129576	-1.0	/Users/dennisonbertram/Develop/flipbook-research/outputs/track-b/20260427T023847Z-track-b-hybrid-sweep-naturalist-f33-p3x1-5-crf23-r1-960x540/output.mp4	/Users/dennisonbertram/Develop/flipbook-research/outputs/track-b/20260427T023847Z-track-b-hybrid-sweep-naturalist-f33-p3x1-5-crf23-r1-960x540/contact-sheet.jpg
20260427T023312Z-overscan-core	naturalist	/Users/dennisonbertram/Develop/flipbook-research/outputs/track-v/20260425T144658Z-fal-kling-fal-kling-naturalist-etching-960x540-960x540/input.png	960x540	33	24	3.0	1.5	overscan	23	2	20260427T023848Z-track-b-hybrid-sweep-naturalist-f33-p3x1-5-crf23-r2-960x540	pass	89.14162509609014	3.742750035598874	2.6276250137016177	0.0	82.74487499147654	370.19742420477166	0.9980704442461407	0.030575033277273178	0.0012099824380129576	-1.0	/Users/dennisonbertram/Develop/flipbook-research/outputs/track-b/20260427T023848Z-track-b-hybrid-sweep-naturalist-f33-p3x1-5-crf23-r2-960x540/output.mp4	/Users/dennisonbertram/Develop/flipbook-research/outputs/track-b/20260427T023848Z-track-b-hybrid-sweep-naturalist-f33-p3x1-5-crf23-r2-960x540/contact-sheet.jpg
20260427T023312Z-overscan-core	naturalist	/Users/dennisonbertram/Develop/flipbook-research/outputs/track-v/20260425T144658Z-fal-kling-fal-kling-naturalist-etching-960x540-960x540/input.png	960x540	121	24	1.0	0.5	overscan	23	0	20260427T023848Z-track-b-hybrid-sweep-naturalist-f121-p1x0-5-crf23-r0-960x540	pass	174.35929202474654	3.686583018861711	2.5986660039052367	0.0	168.04879100527614	693.9693238879787	0.9987695810762137	0.014298331923782825	0.0012256792979314923	-1.0	/Users/dennisonbertram/Develop/flipbook-research/outputs/track-b/20260427T023848Z-track-b-hybrid-sweep-naturalist-f121-p1x0-5-crf23-r0-960x540/output.mp4	/Users/dennisonbertram/Develop/flipbook-research/outputs/track-b/20260427T023848Z-track-b-hybrid-sweep-naturalist-f121-p1x0-5-crf23-r0-960x540/contact-sheet.jpg
20260427T023312Z-overscan-core	naturalist	/Users/dennisonbertram/Develop/flipbook-research/outputs/track-v/20260425T144658Z-fal-kling-fal-kling-naturalist-etching-960x540-960x540/input.png	960x540	121	24	1.0	0.5	overscan	23	1	20260427T023849Z-track-b-hybrid-sweep-naturalist-f121-p1x0-5-crf23-r1-960x540	pass	170.72208295576274	3.6052080104127526	3.202499938197434	0.0	163.87995902914554	708.754239083138	0.9987695810762137	0.014298331923782825	0.0012256792979314923	-1.0	/Users/dennisonbertram/Develop/flipbook-research/outputs/track-b/20260427T023849Z-track-b-hybrid-sweep-naturalist-f121-p1x0-5-crf23-r1-960x540/output.mp4	/Users/dennisonbertram/Develop/flipbook-research/outputs/track-b/20260427T023849Z-track-b-hybrid-sweep-naturalist-f121-p1x0-5-crf23-r1-960x540/contact-sheet.jpg
20260427T023312Z-overscan-core	naturalist	/Users/dennisonbertram/Develop/flipbook-research/outputs/track-v/20260425T144658Z-fal-kling-fal-kling-naturalist-etching-960x540-960x540/input.png	960x540	121	24	1.0	0.5	overscan	23	2	20260427T023850Z-track-b-hybrid-sweep-naturalist-f121-p1x0-5-crf23-r2-960x540	pass	169.32162491139024	3.593083005398512	2.6432500453665853	0.0	163.06058305781335	714.6163407262479	0.9987695810762137	0.014298331923782825	0.0012256792979314923	-1.0	/Users/dennisonbertram/Develop/flipbook-research/outputs/track-b/20260427T023850Z-track-b-hybrid-sweep-naturalist-f121-p1x0-5-crf23-r2-960x540/output.mp4	/Users/dennisonbertram/Develop/flipbook-research/outputs/track-b/20260427T023850Z-track-b-hybrid-sweep-naturalist-f121-p1x0-5-crf23-r2-960x540/contact-sheet.jpg
20260427T023312Z-overscan-core	naturalist	/Users/dennisonbertram/Develop/flipbook-research/outputs/track-v/20260425T144658Z-fal-kling-fal-kling-naturalist-etching-960x540-960x540/input.png	960x540	121	24	2.0	1.0	overscan	23	0	20260427T023850Z-track-b-hybrid-sweep-naturalist-f121-p2x1-crf23-r0-960x540	pass	168.40933298226446	3.390542115084827	2.669875044375658	0.0	162.31166699435562	718.4874962526143	0.9985420526047174	0.021289488300681114	0.0012455367250368	-1.0	/Users/dennisonbertram/Develop/flipbook-research/outputs/track-b/20260427T023850Z-track-b-hybrid-sweep-naturalist-f121-p2x1-crf23-r0-960x540/output.mp4	/Users/dennisonbertram/Develop/flipbook-research/outputs/track-b/20260427T023850Z-track-b-hybrid-sweep-naturalist-f121-p2x1-crf23-r0-960x540/contact-sheet.jpg
20260427T023312Z-overscan-core	naturalist	/Users/dennisonbertram/Develop/flipbook-research/outputs/track-v/20260425T144658Z-fal-kling-fal-kling-naturalist-etching-960x540-960x540/input.png	960x540	121	24	2.0	1.0	overscan	23	1	20260427T023851Z-track-b-hybrid-sweep-naturalist-f121-p2x1-crf23-r1-960x540	pass	170.3237920301035	3.632167004980147	2.783415955491364	0.0	163.86129101738334	710.4116140075963	0.9985420526047174	0.021289488300681114	0.0012455367250368	-1.0	/Users/dennisonbertram/Develop/flipbook-research/outputs/track-b/20260427T023851Z-track-b-hybrid-sweep-naturalist-f121-p2x1-crf23-r1-960x540/output.mp4	/Users/dennisonbertram/Develop/flipbook-research/outputs/track-b/20260427T023851Z-track-b-hybrid-sweep-naturalist-f121-p2x1-crf23-r1-960x540/contact-sheet.jpg
20260427T023312Z-overscan-core	naturalist	/Users/dennisonbertram/Develop/flipbook-research/outputs/track-v/20260425T144658Z-fal-kling-fal-kling-naturalist-etching-960x540-960x540/input.png	960x540	121	24	2.0	1.0	overscan	23	2	20260427T023852Z-track-b-hybrid-sweep-naturalist-f121-p2x1-crf23-r2-960x540	pass	171.4347080560401	3.4743750002235174	2.874291967600584	0.0	165.02570803277194	705.8080675264804	0.9985420526047174	0.021289488300681114	0.0012455367250368	-1.0	/Users/dennisonbertram/Develop/flipbook-research/outputs/track-b/20260427T023852Z-track-b-hybrid-sweep-naturalist-f121-p2x1-crf23-r2-960x540/output.mp4	/Users/dennisonbertram/Develop/flipbook-research/outputs/track-b/20260427T023852Z-track-b-hybrid-sweep-naturalist-f121-p2x1-crf23-r2-960x540/contact-sheet.jpg
20260427T023312Z-overscan-core	naturalist	/Users/dennisonbertram/Develop/flipbook-research/outputs/track-v/20260425T144658Z-fal-kling-fal-kling-naturalist-etching-960x540-960x540/input.png	960x540	121	24	3.0	1.5	overscan	23	0	20260427T023852Z-track-b-hybrid-sweep-naturalist-f121-p3x1-5-crf23-r0-960x540	pass	196.808792068623	3.2647920306771994	2.918667043559253	0.0	190.60008390806615	614.809931650868	0.9980699562699492	0.03057806007564068	0.001220951322466135	-1.0	/Users/dennisonbertram/Develop/flipbook-research/outputs/track-b/20260427T023852Z-track-b-hybrid-sweep-naturalist-f121-p3x1-5-crf23-r0-960x540/output.mp4	/Users/dennisonbertram/Develop/flipbook-research/outputs/track-b/20260427T023852Z-track-b-hybrid-sweep-naturalist-f121-p3x1-5-crf23-r0-960x540/contact-sheet.jpg
20260427T023312Z-overscan-core	naturalist	/Users/dennisonbertram/Develop/flipbook-research/outputs/track-v/20260425T144658Z-fal-kling-fal-kling-naturalist-etching-960x540-960x540/input.png	960x540	121	24	3.0	1.5	overscan	23	1	20260427T023853Z-track-b-hybrid-sweep-naturalist-f121-p3x1-5-crf23-r1-960x540	pass	173.07416594121605	3.5713750403374434	2.770082908682525	0.0	166.7032919358462	699.1222482106149	0.9980699562699492	0.03057806007564068	0.001220951322466135	-1.0	/Users/dennisonbertram/Develop/flipbook-research/outputs/track-b/20260427T023853Z-track-b-hybrid-sweep-naturalist-f121-p3x1-5-crf23-r1-960x540/output.mp4	/Users/dennisonbertram/Develop/flipbook-research/outputs/track-b/20260427T023853Z-track-b-hybrid-sweep-naturalist-f121-p3x1-5-crf23-r1-960x540/contact-sheet.jpg
20260427T023312Z-overscan-core	naturalist	/Users/dennisonbertram/Develop/flipbook-research/outputs/track-v/20260425T144658Z-fal-kling-fal-kling-naturalist-etching-960x540-960x540/input.png	960x540	121	24	3.0	1.5	overscan	23	2	20260427T023854Z-track-b-hybrid-sweep-naturalist-f121-p3x1-5-crf23-r2-960x540	pass	179.01674995664507	3.6222910275682807	2.6146250311285257	0.0	172.75516595691442	675.9144048213601	0.9980699562699492	0.03057806007564068	0.001220951322466135	-1.0	/Users/dennisonbertram/Develop/flipbook-research/outputs/track-b/20260427T023854Z-track-b-hybrid-sweep-naturalist-f121-p3x1-5-crf23-r2-960x540/output.mp4	/Users/dennisonbertram/Develop/flipbook-research/outputs/track-b/20260427T023854Z-track-b-hybrid-sweep-naturalist-f121-p3x1-5-crf23-r2-960x540/contact-sheet.jpg
20260427T023312Z-overscan-core	canal	/Users/dennisonbertram/Develop/flipbook-research/outputs/track-v/20260425T135104Z-fal-kling-canal-city-illustration-960x540/input.png	960x540	33	24	1.0	0.5	overscan	23	0	20260427T023854Z-track-b-hybrid-sweep-canal-f33-p1x0-5-crf23-r0-960x540	pass	98.69541705120355	3.6392080364748836	3.0282499501481652	0.0	91.99845790863037	334.3620300310345	0.9975100722478535	0.024651074782013893	0.0013221298577263951	-1.0	/Users/dennisonbertram/Develop/flipbook-research/outputs/track-b/20260427T023854Z-track-b-hybrid-sweep-canal-f33-p1x0-5-crf23-r0-960x540/output.mp4	/Users/dennisonbertram/Develop/flipbook-research/outputs/track-b/20260427T023854Z-track-b-hybrid-sweep-canal-f33-p1x0-5-crf23-r0-960x540/contact-sheet.jpg
20260427T023312Z-overscan-core	canal	/Users/dennisonbertram/Develop/flipbook-research/outputs/track-v/20260425T135104Z-fal-kling-canal-city-illustration-960x540/input.png	960x540	33	24	1.0	0.5	overscan	23	1	20260427T023855Z-track-b-hybrid-sweep-canal-f33-p1x0-5-crf23-r1-960x540	pass	96.9799169106409	3.569166990928352	2.896582940593362	0.0	90.48216603696346	340.27663717640445	0.9975100722478535	0.024651074782013893	0.0013221298577263951	-1.0	/Users/dennisonbertram/Develop/flipbook-research/outputs/track-b/20260427T023855Z-track-b-hybrid-sweep-canal-f33-p1x0-5-crf23-r1-960x540/output.mp4	/Users/dennisonbertram/Develop/flipbook-research/outputs/track-b/20260427T023855Z-track-b-hybrid-sweep-canal-f33-p1x0-5-crf23-r1-960x540/contact-sheet.jpg
20260427T023312Z-overscan-core	canal	/Users/dennisonbertram/Develop/flipbook-research/outputs/track-v/20260425T135104Z-fal-kling-canal-city-illustration-960x540/input.png	960x540	33	24	1.0	0.5	overscan	23	2	20260427T023856Z-track-b-hybrid-sweep-canal-f33-p1x0-5-crf23-r2-960x540	pass	96.38779202941805	3.4649160224944353	2.929709036834538	0.0	89.94937501847744	342.3670083647961	0.9975100722478535	0.024651074782013893	0.0013221298577263951	-1.0	/Users/dennisonbertram/Develop/flipbook-research/outputs/track-b/20260427T023856Z-track-b-hybrid-sweep-canal-f33-p1x0-5-crf23-r2-960x540/output.mp4	/Users/dennisonbertram/Develop/flipbook-research/outputs/track-b/20260427T023856Z-track-b-hybrid-sweep-canal-f33-p1x0-5-crf23-r2-960x540/contact-sheet.jpg
20260427T023312Z-overscan-core	canal	/Users/dennisonbertram/Develop/flipbook-research/outputs/track-v/20260425T135104Z-fal-kling-canal-city-illustration-960x540/input.png	960x540	33	24	2.0	1.0	overscan	23	0	20260427T023856Z-track-b-hybrid-sweep-canal-f33-p2x1-crf23-r0-960x540	pass	97.00266690924764	3.407249925658107	2.6410839054733515	0.0	90.92633391264826	340.1968322260012	0.9971248547608892	0.035903461277484894	0.0013098372146487236	-1.0	/Users/dennisonbertram/Develop/flipbook-research/outputs/track-b/20260427T023856Z-track-b-hybrid-sweep-canal-f33-p2x1-crf23-r0-960x540/output.mp4	/Users/dennisonbertram/Develop/flipbook-research/outputs/track-b/20260427T023856Z-track-b-hybrid-sweep-canal-f33-p2x1-crf23-r0-960x540/contact-sheet.jpg
20260427T023312Z-overscan-core	canal	/Users/dennisonbertram/Develop/flipbook-research/outputs/track-v/20260425T135104Z-fal-kling-canal-city-illustration-960x540/input.png	960x540	33	24	2.0	1.0	overscan	23	1	20260427T023857Z-track-b-hybrid-sweep-canal-f33-p2x1-crf23-r1-960x540	pass	98.06995803955942	3.981917048804462	2.952583017759025	0.0	91.10612503718585	336.4944847502481	0.9971248547608892	0.035903461277484894	0.0013098372146487236	-1.0	/Users/dennisonbertram/Develop/flipbook-research/outputs/track-b/20260427T023857Z-track-b-hybrid-sweep-canal-f33-p2x1-crf23-r1-960x540/output.mp4	/Users/dennisonbertram/Develop/flipbook-research/outputs/track-b/20260427T023857Z-track-b-hybrid-sweep-canal-f33-p2x1-crf23-r1-960x540/contact-sheet.jpg
20260427T023312Z-overscan-core	canal	/Users/dennisonbertram/Develop/flipbook-research/outputs/track-v/20260425T135104Z-fal-kling-canal-city-illustration-960x540/input.png	960x540	33	24	2.0	1.0	overscan	23	2	20260427T023857Z-track-b-hybrid-sweep-canal-f33-p2x1-crf23-r2-960x540	pass	101.16720909718424	3.8535830099135637	3.065333003178239	0.0	94.21899996232241	326.1926497181435	0.9971248547608892	0.035903461277484894	0.0013098372146487236	-1.0	/Users/dennisonbertram/Develop/flipbook-research/outputs/track-b/20260427T023857Z-track-b-hybrid-sweep-canal-f33-p2x1-crf23-r2-960x540/output.mp4	/Users/dennisonbertram/Develop/flipbook-research/outputs/track-b/20260427T023857Z-track-b-hybrid-sweep-canal-f33-p2x1-crf23-r2-960x540/contact-sheet.jpg
20260427T023312Z-overscan-core	canal	/Users/dennisonbertram/Develop/flipbook-research/outputs/track-v/20260425T135104Z-fal-kling-canal-city-illustration-960x540/input.png	960x540	33	24	3.0	1.5	overscan	23	0	20260427T023858Z-track-b-hybrid-sweep-canal-f33-p3x1-5-crf23-r0-960x540	pass	99.17208296246827	3.326208097860217	2.6495830388739705	0.0	93.16666598897427	332.7549347984238	0.9964537683291633	0.052192457020282745	0.0013295055832713842	-1.0	/Users/dennisonbertram/Develop/flipbook-research/outputs/track-b/20260427T023858Z-track-b-hybrid-sweep-canal-f33-p3x1-5-crf23-r0-960x540/output.mp4	/Users/dennisonbertram/Develop/flipbook-research/outputs/track-b/20260427T023858Z-track-b-hybrid-sweep-canal-f33-p3x1-5-crf23-r0-960x540/contact-sheet.jpg
20260427T023312Z-overscan-core	canal	/Users/dennisonbertram/Develop/flipbook-research/outputs/track-v/20260425T135104Z-fal-kling-canal-city-illustration-960x540/input.png	960x540	33	24	3.0	1.5	overscan	23	1	20260427T023859Z-track-b-hybrid-sweep-canal-f33-p3x1-5-crf23-r1-960x540	pass	101.88308299984783	3.6169160157442093	2.973874914459884	0.0	95.26099998038262	323.9006813334191	0.9964537683291633	0.052192457020282745	0.0013295055832713842	-1.0	/Users/dennisonbertram/Develop/flipbook-research/outputs/track-b/20260427T023859Z-track-b-hybrid-sweep-canal-f33-p3x1-5-crf23-r1-960x540/output.mp4	/Users/dennisonbertram/Develop/flipbook-research/outputs/track-b/20260427T023859Z-track-b-hybrid-sweep-canal-f33-p3x1-5-crf23-r1-960x540/contact-sheet.jpg
20260427T023312Z-overscan-core	canal	/Users/dennisonbertram/Develop/flipbook-research/outputs/track-v/20260425T135104Z-fal-kling-canal-city-illustration-960x540/input.png	960x540	33	24	3.0	1.5	overscan	23	2	20260427T023859Z-track-b-hybrid-sweep-canal-f33-p3x1-5-crf23-r2-960x540	pass	96.66525002103299	4.020125023089349	2.740125055424869	0.0	89.87208304461092	341.3843133165193	0.9964537683291633	0.052192457020282745	0.0013295055832713842	-1.0	/Users/dennisonbertram/Develop/flipbook-research/outputs/track-b/20260427T023859Z-track-b-hybrid-sweep-canal-f33-p3x1-5-crf23-r2-960x540/output.mp4	/Users/dennisonbertram/Develop/flipbook-research/outputs/track-b/20260427T023859Z-track-b-hybrid-sweep-canal-f33-p3x1-5-crf23-r2-960x540/contact-sheet.jpg
20260427T023312Z-overscan-core	canal	/Users/dennisonbertram/Develop/flipbook-research/outputs/track-v/20260425T135104Z-fal-kling-canal-city-illustration-960x540/input.png	960x540	121	24	1.0	0.5	overscan	23	0	20260427T023900Z-track-b-hybrid-sweep-canal-f121-p1x0-5-crf23-r0-960x540	pass	195.8785840542987	4.026958951726556	3.0330419540405273	0.0	188.79033299162984	617.7296031834602	0.9975093785918677	0.024637458845973015	0.0013240211410447955	-1.0	/Users/dennisonbertram/Develop/flipbook-research/outputs/track-b/20260427T023900Z-track-b-hybrid-sweep-canal-f121-p1x0-5-crf23-r0-960x540/output.mp4	/Users/dennisonbertram/Develop/flipbook-research/outputs/track-b/20260427T023900Z-track-b-hybrid-sweep-canal-f121-p1x0-5-crf23-r0-960x540/contact-sheet.jpg
20260427T023312Z-overscan-core	canal	/Users/dennisonbertram/Develop/flipbook-research/outputs/track-v/20260425T135104Z-fal-kling-canal-city-illustration-960x540/input.png	960x540	121	24	1.0	0.5	overscan	23	1	20260427T023901Z-track-b-hybrid-sweep-canal-f121-p1x0-5-crf23-r1-960x540	pass	204.31762491352856	3.7995410384610295	3.0172079568728805	0.0	197.46670895256102	592.2151848192719	0.9975093785918677	0.024637458845973015	0.0013240211410447955	-1.0	/Users/dennisonbertram/Develop/flipbook-research/outputs/track-b/20260427T023901Z-track-b-hybrid-sweep-canal-f121-p1x0-5-crf23-r1-960x540/output.mp4	/Users/dennisonbertram/Develop/flipbook-research/outputs/track-b/20260427T023901Z-track-b-hybrid-sweep-canal-f121-p1x0-5-crf23-r1-960x540/contact-sheet.jpg
20260427T023312Z-overscan-core	canal	/Users/dennisonbertram/Develop/flipbook-research/outputs/track-v/20260425T135104Z-fal-kling-canal-city-illustration-960x540/input.png	960x540	121	24	1.0	0.5	overscan	23	2	20260427T023901Z-track-b-hybrid-sweep-canal-f121-p1x0-5-crf23-r2-960x540	pass	214.2297080717981	3.6475840024650097	2.970375004224479	0.0	207.58033299352974	564.8142878458641	0.9975093785918677	0.024637458845973015	0.0013240211410447955	-1.0	/Users/dennisonbertram/Develop/flipbook-research/outputs/track-b/20260427T023901Z-track-b-hybrid-sweep-canal-f121-p1x0-5-crf23-r2-960x540/output.mp4	/Users/dennisonbertram/Develop/flipbook-research/outputs/track-b/20260427T023901Z-track-b-hybrid-sweep-canal-f121-p1x0-5-crf23-r2-960x540/contact-sheet.jpg
20260427T023312Z-overscan-core	canal	/Users/dennisonbertram/Develop/flipbook-research/outputs/track-v/20260425T135104Z-fal-kling-canal-city-illustration-960x540/input.png	960x540	121	24	2.0	1.0	overscan	23	0	20260427T023902Z-track-b-hybrid-sweep-canal-f121-p2x1-crf23-r0-960x540	pass	200.90370799880475	3.794749965891242	2.8543329099193215	0.0	194.22708300407976	602.2785801480571	0.9971229907755331	0.035907432436943054	0.0013368811924010515	-1.0	/Users/dennisonbertram/Develop/flipbook-research/outputs/track-b/20260427T023902Z-track-b-hybrid-sweep-canal-f121-p2x1-crf23-r0-960x540/output.mp4	/Users/dennisonbertram/Develop/flipbook-research/outputs/track-b/20260427T023902Z-track-b-hybrid-sweep-canal-f121-p2x1-crf23-r0-960x540/contact-sheet.jpg
20260427T023312Z-overscan-core	canal	/Users/dennisonbertram/Develop/flipbook-research/outputs/track-v/20260425T135104Z-fal-kling-canal-city-illustration-960x540/input.png	960x540	121	24	2.0	1.0	overscan	23	1	20260427T023903Z-track-b-hybrid-sweep-canal-f121-p2x1-crf23-r1-960x540	pass	204.4644169509411	3.8597919046878815	2.922707935795188	0.0	197.65229197219014	591.7900131690521	0.9971229907755331	0.035907432436943054	0.0013368811924010515	-1.0	/Users/dennisonbertram/Develop/flipbook-research/outputs/track-b/20260427T023903Z-track-b-hybrid-sweep-canal-f121-p2x1-crf23-r1-960x540/output.mp4	/Users/dennisonbertram/Develop/flipbook-research/outputs/track-b/20260427T023903Z-track-b-hybrid-sweep-canal-f121-p2x1-crf23-r1-960x540/contact-sheet.jpg
20260427T023312Z-overscan-core	canal	/Users/dennisonbertram/Develop/flipbook-research/outputs/track-v/20260425T135104Z-fal-kling-canal-city-illustration-960x540/input.png	960x540	121	24	2.0	1.0	overscan	23	2	20260427T023904Z-track-b-hybrid-sweep-canal-f121-p2x1-crf23-r2-960x540	pass	204.49579192791134	3.6041249986737967	2.946165972389281	0.0	197.91441597044468	591.6992171782919	0.9971229907755331	0.035907432436943054	0.0013368811924010515	-1.0	/Users/dennisonbertram/Develop/flipbook-research/outputs/track-b/20260427T023904Z-track-b-hybrid-sweep-canal-f121-p2x1-crf23-r2-960x540/output.mp4	/Users/dennisonbertram/Develop/flipbook-research/outputs/track-b/20260427T023904Z-track-b-hybrid-sweep-canal-f121-p2x1-crf23-r2-960x540/contact-sheet.jpg
20260427T023312Z-overscan-core	canal	/Users/dennisonbertram/Develop/flipbook-research/outputs/track-v/20260425T135104Z-fal-kling-canal-city-illustration-960x540/input.png	960x540	121	24	3.0	1.5	overscan	23	0	20260427T023904Z-track-b-hybrid-sweep-canal-f121-p3x1-5-crf23-r0-960x540	pass	210.17099998425692	3.95387492608279	3.007209044881165	0.0	203.18412501364946	575.7216742988501	0.9964528577687969	0.0522274412214756	0.0013355574337765574	-1.0	/Users/dennisonbertram/Develop/flipbook-research/outputs/track-b/20260427T023904Z-track-b-hybrid-sweep-canal-f121-p3x1-5-crf23-r0-960x540/output.mp4	/Users/dennisonbertram/Develop/flipbook-research/outputs/track-b/20260427T023904Z-track-b-hybrid-sweep-canal-f121-p3x1-5-crf23-r0-960x540/contact-sheet.jpg
20260427T023312Z-overscan-core	canal	/Users/dennisonbertram/Develop/flipbook-research/outputs/track-v/20260425T135104Z-fal-kling-canal-city-illustration-960x540/input.png	960x540	121	24	3.0	1.5	overscan	23	1	20260427T023905Z-track-b-hybrid-sweep-canal-f121-p3x1-5-crf23-r1-960x540	pass	202.35933305229992	3.485916997306049	2.9562499839812517	0.0	195.88733301497996	597.9462284980326	0.9964528577687969	0.0522274412214756	0.0013355574337765574	-1.0	/Users/dennisonbertram/Develop/flipbook-research/outputs/track-b/20260427T023905Z-track-b-hybrid-sweep-canal-f121-p3x1-5-crf23-r1-960x540/output.mp4	/Users/dennisonbertram/Develop/flipbook-research/outputs/track-b/20260427T023905Z-track-b-hybrid-sweep-canal-f121-p3x1-5-crf23-r1-960x540/contact-sheet.jpg
20260427T023312Z-overscan-core	canal	/Users/dennisonbertram/Develop/flipbook-research/outputs/track-v/20260425T135104Z-fal-kling-canal-city-illustration-960x540/input.png	960x540	121	24	3.0	1.5	overscan	23	2	20260427T023906Z-track-b-hybrid-sweep-canal-f121-p3x1-5-crf23-r2-960x540	pass	252.6851249858737	3.8524999981746078	3.136457991786301	0.0	245.65454199910164	478.85683815683444	0.9964528577687969	0.0522274412214756	0.0013355574337765574	-1.0	/Users/dennisonbertram/Develop/flipbook-research/outputs/track-b/20260427T023906Z-track-b-hybrid-sweep-canal-f121-p3x1-5-crf23-r2-960x540/output.mp4	/Users/dennisonbertram/Develop/flipbook-research/outputs/track-b/20260427T023906Z-track-b-hybrid-sweep-canal-f121-p3x1-5-crf23-r2-960x540/contact-sheet.jpg
20260427T023312Z-overscan-core	dense-text	/Users/dennisonbertram/Develop/flipbook-research/outputs/track-v/20260425T134237Z-fal-kling-text-fixture-smoke-960x540/input.png	960x540	33	24	1.0	0.5	overscan	23	0	20260427T023907Z-track-b-hybrid-sweep-dense-text-f33-p1x0-5-crf23-r0-960x540	pass	63.83183295838535	3.3692499855533242	2.550915931351483	0.0	57.881625019945204	516.9834308457675	0.998985361003668	0.008098636753857136	0.0006840428686700761	-1.0	/Users/dennisonbertram/Develop/flipbook-research/outputs/track-b/20260427T023907Z-track-b-hybrid-sweep-dense-text-f33-p1x0-5-crf23-r0-960x540/output.mp4	/Users/dennisonbertram/Develop/flipbook-research/outputs/track-b/20260427T023907Z-track-b-hybrid-sweep-dense-text-f33-p1x0-5-crf23-r0-960x540/contact-sheet.jpg
20260427T023312Z-overscan-core	dense-text	/Users/dennisonbertram/Develop/flipbook-research/outputs/track-v/20260425T134237Z-fal-kling-text-fixture-smoke-960x540/input.png	960x540	33	24	1.0	0.5	overscan	23	1	20260427T023907Z-track-b-hybrid-sweep-dense-text-f33-p1x0-5-crf23-r1-960x540	pass	63.02633404266089	3.291749977506697	2.8706250013783574	0.0	56.8355000577867	523.5906625580214	0.998985361003668	0.008098636753857136	0.0006840428686700761	-1.0	/Users/dennisonbertram/Develop/flipbook-research/outputs/track-b/20260427T023907Z-track-b-hybrid-sweep-dense-text-f33-p1x0-5-crf23-r1-960x540/output.mp4	/Users/dennisonbertram/Develop/flipbook-research/outputs/track-b/20260427T023907Z-track-b-hybrid-sweep-dense-text-f33-p1x0-5-crf23-r1-960x540/contact-sheet.jpg
20260427T023312Z-overscan-core	dense-text	/Users/dennisonbertram/Develop/flipbook-research/outputs/track-v/20260425T134237Z-fal-kling-text-fixture-smoke-960x540/input.png	960x540	33	24	1.0	0.5	overscan	23	2	20260427T023908Z-track-b-hybrid-sweep-dense-text-f33-p1x0-5-crf23-r2-960x540	pass	63.71170899365097	3.4024170599877834	2.587790950201452	0.0	57.69412498921156	517.9581668934438	0.998985361003668	0.008098636753857136	0.0006840428686700761	-1.0	/Users/dennisonbertram/Develop/flipbook-research/outputs/track-b/20260427T023908Z-track-b-hybrid-sweep-dense-text-f33-p1x0-5-crf23-r2-960x540/output.mp4	/Users/dennisonbertram/Develop/flipbook-research/outputs/track-b/20260427T023908Z-track-b-hybrid-sweep-dense-text-f33-p1x0-5-crf23-r2-960x540/contact-sheet.jpg
20260427T023312Z-overscan-core	dense-text	/Users/dennisonbertram/Develop/flipbook-research/outputs/track-v/20260425T134237Z-fal-kling-text-fixture-smoke-960x540/input.png	960x540	33	24	2.0	1.0	overscan	23	0	20260427T023908Z-track-b-hybrid-sweep-dense-text-f33-p2x1-crf23-r0-960x540	pass	62.133791972883046	3.4294170327484608	2.9925410635769367	0.0	55.67920801695436	531.1119594053126	0.9987954928192683	0.0178749468177557	0.0006301440298557281	-1.0	/Users/dennisonbertram/Develop/flipbook-research/outputs/track-b/20260427T023908Z-track-b-hybrid-sweep-dense-text-f33-p2x1-crf23-r0-960x540/output.mp4	/Users/dennisonbertram/Develop/flipbook-research/outputs/track-b/20260427T023908Z-track-b-hybrid-sweep-dense-text-f33-p2x1-crf23-r0-960x540/contact-sheet.jpg
20260427T023312Z-overscan-core	dense-text	/Users/dennisonbertram/Develop/flipbook-research/outputs/track-v/20260425T134237Z-fal-kling-text-fixture-smoke-960x540/input.png	960x540	33	24	2.0	1.0	overscan	23	1	20260427T023908Z-track-b-hybrid-sweep-dense-text-f33-p2x1-crf23-r1-960x540	pass	61.165250022895634	3.3279169583693147	2.5188749423250556	0.0	55.29645807109773	539.5220323246828	0.9987954928192683	0.0178749468177557	0.0006301440298557281	-1.0	/Users/dennisonbertram/Develop/flipbook-research/outputs/track-b/20260427T023908Z-track-b-hybrid-sweep-dense-text-f33-p2x1-crf23-r1-960x540/output.mp4	/Users/dennisonbertram/Develop/flipbook-research/outputs/track-b/20260427T023908Z-track-b-hybrid-sweep-dense-text-f33-p2x1-crf23-r1-960x540/contact-sheet.jpg
20260427T023312Z-overscan-core	dense-text	/Users/dennisonbertram/Develop/flipbook-research/outputs/track-v/20260425T134237Z-fal-kling-text-fixture-smoke-960x540/input.png	960x540	33	24	2.0	1.0	overscan	23	2	20260427T023909Z-track-b-hybrid-sweep-dense-text-f33-p2x1-crf23-r2-960x540	pass	64.15404204744846	3.7511660484597087	3.0803330009803176	0.0	57.289459044113755	514.3869185295158	0.9987954928192683	0.0178749468177557	0.0006301440298557281	-1.0	/Users/dennisonbertram/Develop/flipbook-research/outputs/track-b/20260427T023909Z-track-b-hybrid-sweep-dense-text-f33-p2x1-crf23-r2-960x540/output.mp4	/Users/dennisonbertram/Develop/flipbook-research/outputs/track-b/20260427T023909Z-track-b-hybrid-sweep-dense-text-f33-p2x1-crf23-r2-960x540/contact-sheet.jpg
20260427T023312Z-overscan-core	dense-text	/Users/dennisonbertram/Develop/flipbook-research/outputs/track-v/20260425T134237Z-fal-kling-text-fixture-smoke-960x540/input.png	960x540	33	24	3.0	1.5	overscan	23	0	20260427T023909Z-track-b-hybrid-sweep-dense-text-f33-p3x1-5-crf23-r0-960x540	pass	61.38220801949501	3.4329999471083283	2.762999967671931	0.0	55.156499962322414	537.6150690036955	0.998467106626658	0.02177230827510357	0.0006587009993381798	-1.0	/Users/dennisonbertram/Develop/flipbook-research/outputs/track-b/20260427T023909Z-track-b-hybrid-sweep-dense-text-f33-p3x1-5-crf23-r0-960x540/output.mp4	/Users/dennisonbertram/Develop/flipbook-research/outputs/track-b/20260427T023909Z-track-b-hybrid-sweep-dense-text-f33-p3x1-5-crf23-r0-960x540/contact-sheet.jpg
20260427T023312Z-overscan-core	dense-text	/Users/dennisonbertram/Develop/flipbook-research/outputs/track-v/20260425T134237Z-fal-kling-text-fixture-smoke-960x540/input.png	960x540	33	24	3.0	1.5	overscan	23	1	20260427T023910Z-track-b-hybrid-sweep-dense-text-f33-p3x1-5-crf23-r1-960x540	pass	60.99287502001971	4.160749958828092	2.88004195317626	0.0	53.904291009530425	541.0468024202564	0.998467106626658	0.02177230827510357	0.0006587009993381798	-1.0	/Users/dennisonbertram/Develop/flipbook-research/outputs/track-b/20260427T023910Z-track-b-hybrid-sweep-dense-text-f33-p3x1-5-crf23-r1-960x540/output.mp4	/Users/dennisonbertram/Develop/flipbook-research/outputs/track-b/20260427T023910Z-track-b-hybrid-sweep-dense-text-f33-p3x1-5-crf23-r1-960x540/contact-sheet.jpg
20260427T023312Z-overscan-core	dense-text	/Users/dennisonbertram/Develop/flipbook-research/outputs/track-v/20260425T134237Z-fal-kling-text-fixture-smoke-960x540/input.png	960x540	33	24	3.0	1.5	overscan	23	2	20260427T023910Z-track-b-hybrid-sweep-dense-text-f33-p3x1-5-crf23-r2-960x540	pass	63.07858298532665	3.3883750438690186	2.8394999681040645	0.0	56.82104197330773	523.1569645068987	0.998467106626658	0.02177230827510357	0.0006587009993381798	-1.0	/Users/dennisonbertram/Develop/flipbook-research/outputs/track-b/20260427T023910Z-track-b-hybrid-sweep-dense-text-f33-p3x1-5-crf23-r2-960x540/output.mp4	/Users/dennisonbertram/Develop/flipbook-research/outputs/track-b/20260427T023910Z-track-b-hybrid-sweep-dense-text-f33-p3x1-5-crf23-r2-960x540/contact-sheet.jpg
20260427T023312Z-overscan-core	dense-text	/Users/dennisonbertram/Develop/flipbook-research/outputs/track-v/20260425T134237Z-fal-kling-text-fixture-smoke-960x540/input.png	960x540	121	24	1.0	0.5	overscan	23	0	20260427T023910Z-track-b-hybrid-sweep-dense-text-f121-p1x0-5-crf23-r0-960x540	pass	118.09504101984203	3.3526249462738633	2.5183750549331307	0.0	112.18262510374188	1024.5984840266908	0.9989863500970305	0.008085587061941624	0.0006900946609675884	-1.0	/Users/dennisonbertram/Develop/flipbook-research/outputs/track-b/20260427T023910Z-track-b-hybrid-sweep-dense-text-f121-p1x0-5-crf23-r0-960x540/output.mp4	/Users/dennisonbertram/Develop/flipbook-research/outputs/track-b/20260427T023910Z-track-b-hybrid-sweep-dense-text-f121-p1x0-5-crf23-r0-960x540/contact-sheet.jpg
20260427T023312Z-overscan-core	dense-text	/Users/dennisonbertram/Develop/flipbook-research/outputs/track-v/20260425T134237Z-fal-kling-text-fixture-smoke-960x540/input.png	960x540	121	24	1.0	0.5	overscan	23	1	20260427T023911Z-track-b-hybrid-sweep-dense-text-f121-p1x0-5-crf23-r1-960x540	pass	112.41666600108147	3.5502080572769046	2.794999978505075	0.0	106.03929101489484	1076.3528603386615	0.9989863500970305	0.008085587061941624	0.0006900946609675884	-1.0	/Users/dennisonbertram/Develop/flipbook-research/outputs/track-b/20260427T023911Z-track-b-hybrid-sweep-dense-text-f121-p1x0-5-crf23-r1-960x540/output.mp4	/Users/dennisonbertram/Develop/flipbook-research/outputs/track-b/20260427T023911Z-track-b-hybrid-sweep-dense-text-f121-p1x0-5-crf23-r1-960x540/contact-sheet.jpg
20260427T023312Z-overscan-core	dense-text	/Users/dennisonbertram/Develop/flipbook-research/outputs/track-v/20260425T134237Z-fal-kling-text-fixture-smoke-960x540/input.png	960x540	121	24	1.0	0.5	overscan	23	2	20260427T023911Z-track-b-hybrid-sweep-dense-text-f121-p1x0-5-crf23-r2-960x540	pass	113.60033298842609	3.656415967270732	2.8123330557718873	0.0	107.0972919696942	1065.1377229002296	0.9989863500970305	0.008085587061941624	0.0006900946609675884	-1.0	/Users/dennisonbertram/Develop/flipbook-research/outputs/track-b/20260427T023911Z-track-b-hybrid-sweep-dense-text-f121-p1x0-5-crf23-r2-960x540/output.mp4	/Users/dennisonbertram/Develop/flipbook-research/outputs/track-b/20260427T023911Z-track-b-hybrid-sweep-dense-text-f121-p1x0-5-crf23-r2-960x540/contact-sheet.jpg
20260427T023312Z-overscan-core	dense-text	/Users/dennisonbertram/Develop/flipbook-research/outputs/track-v/20260425T134237Z-fal-kling-text-fixture-smoke-960x540/input.png	960x540	121	24	2.0	1.0	overscan	23	0	20260427T023912Z-track-b-hybrid-sweep-dense-text-f121-p2x1-crf23-r0-960x540	pass	113.01008297596127	3.4335830714553595	2.956833108328283	0.0	106.5874999621883	1070.7009216667711	0.998796133129135	0.01779230125248432	0.0006428150227293372	-1.0	/Users/dennisonbertram/Develop/flipbook-research/outputs/track-b/20260427T023912Z-track-b-hybrid-sweep-dense-text-f121-p2x1-crf23-r0-960x540/output.mp4	/Users/dennisonbertram/Develop/flipbook-research/outputs/track-b/20260427T023912Z-track-b-hybrid-sweep-dense-text-f121-p2x1-crf23-r0-960x540/contact-sheet.jpg
20260427T023312Z-overscan-core	dense-text	/Users/dennisonbertram/Develop/flipbook-research/outputs/track-v/20260425T134237Z-fal-kling-text-fixture-smoke-960x540/input.png	960x540	121	24	2.0	1.0	overscan	23	1	20260427T023912Z-track-b-hybrid-sweep-dense-text-f121-p2x1-crf23-r1-960x540	pass	111.04837490711361	3.633249900303781	2.6676669949665666	0.0	104.70120795071125	1089.615224907257	0.998796133129135	0.01779230125248432	0.0006428150227293372	-1.0	/Users/dennisonbertram/Develop/flipbook-research/outputs/track-b/20260427T023912Z-track-b-hybrid-sweep-dense-text-f121-p2x1-crf23-r1-960x540/output.mp4	/Users/dennisonbertram/Develop/flipbook-research/outputs/track-b/20260427T023912Z-track-b-hybrid-sweep-dense-text-f121-p2x1-crf23-r1-960x540/contact-sheet.jpg
20260427T023312Z-overscan-core	dense-text	/Users/dennisonbertram/Develop/flipbook-research/outputs/track-v/20260425T134237Z-fal-kling-text-fixture-smoke-960x540/input.png	960x540	121	24	2.0	1.0	overscan	23	2	20260427T023913Z-track-b-hybrid-sweep-dense-text-f121-p2x1-crf23-r2-960x540	pass	116.80375004652888	3.4403749741613865	2.8185000410303473	0.0	110.51495803985745	1035.9256440978954	0.998796133129135	0.01779230125248432	0.0006428150227293372	-1.0	/Users/dennisonbertram/Develop/flipbook-research/outputs/track-b/20260427T023913Z-track-b-hybrid-sweep-dense-text-f121-p2x1-crf23-r2-960x540/output.mp4	/Users/dennisonbertram/Develop/flipbook-research/outputs/track-b/20260427T023913Z-track-b-hybrid-sweep-dense-text-f121-p2x1-crf23-r2-960x540/contact-sheet.jpg
20260427T023312Z-overscan-core	dense-text	/Users/dennisonbertram/Develop/flipbook-research/outputs/track-v/20260425T134237Z-fal-kling-text-fixture-smoke-960x540/input.png	960x540	121	24	3.0	1.5	overscan	23	0	20260427T023913Z-track-b-hybrid-sweep-dense-text-f121-p3x1-5-crf23-r0-960x540	pass	112.96104197390378	3.6258749896660447	2.7104580076411366	0.0	106.59866593778133	1071.1657566681563	0.9984654386609116	0.021766068413853645	0.0005898617091588676	-1.0	/Users/dennisonbertram/Develop/flipbook-research/outputs/track-b/20260427T023913Z-track-b-hybrid-sweep-dense-text-f121-p3x1-5-crf23-r0-960x540/output.mp4	/Users/dennisonbertram/Develop/flipbook-research/outputs/track-b/20260427T023913Z-track-b-hybrid-sweep-dense-text-f121-p3x1-5-crf23-r0-960x540/contact-sheet.jpg
20260427T023312Z-overscan-core	dense-text	/Users/dennisonbertram/Develop/flipbook-research/outputs/track-v/20260425T134237Z-fal-kling-text-fixture-smoke-960x540/input.png	960x540	121	24	3.0	1.5	overscan	23	1	20260427T023913Z-track-b-hybrid-sweep-dense-text-f121-p3x1-5-crf23-r1-960x540	pass	113.21837501600385	3.29616607632488	2.549916971474886	0.0	107.3475000448525	1068.7311135042894	0.9984654386609116	0.021766068413853645	0.0005898617091588676	-1.0	/Users/dennisonbertram/Develop/flipbook-research/outputs/track-b/20260427T023913Z-track-b-hybrid-sweep-dense-text-f121-p3x1-5-crf23-r1-960x540/output.mp4	/Users/dennisonbertram/Develop/flipbook-research/outputs/track-b/20260427T023913Z-track-b-hybrid-sweep-dense-text-f121-p3x1-5-crf23-r1-960x540/contact-sheet.jpg
20260427T023312Z-overscan-core	dense-text	/Users/dennisonbertram/Develop/flipbook-research/outputs/track-v/20260425T134237Z-fal-kling-text-fixture-smoke-960x540/input.png	960x540	121	24	3.0	1.5	overscan	23	2	20260427T023914Z-track-b-hybrid-sweep-dense-text-f121-p3x1-5-crf23-r2-960x540	pass	112.28783300612122	3.7994158919900656	2.7110830415040255	0.0	105.7393749943003	1077.5878094771306	0.9984654386609116	0.021766068413853645	0.0005898617091588676	-1.0	/Users/dennisonbertram/Develop/flipbook-research/outputs/track-b/20260427T023914Z-track-b-hybrid-sweep-dense-text-f121-p3x1-5-crf23-r2-960x540/output.mp4	/Users/dennisonbertram/Develop/flipbook-research/outputs/track-b/20260427T023914Z-track-b-hybrid-sweep-dense-text-f121-p3x1-5-crf23-r2-960x540/contact-sheet.jpg
