sweep_id	case	source	resolution	frames	fps	pan_x	pan_y	crf	repeat	run_id	status	wall_time_ms	preprocess_ms	mask_ms	render_ms	encode_ms	effective_generated_fps	layout_score	motion_score	loop_error	text_score	output	contact_sheet
20260427T023312Z-768x432	naturalist	/Users/dennisonbertram/Develop/flipbook-research/outputs/track-v/20260425T144658Z-fal-kling-fal-kling-naturalist-etching-960x540-960x540/input.png	768x432	33	24	1.0	0.5	23	0	20260427T023313Z-track-b-hybrid-sweep-naturalist-f33-p1x0-5-crf23-r0-768x432	pass	198.08533298783004	3.776208031922579	2.3785829544067383	0.0	191.90249999519438	166.59486849552587	0.9998914744503206	0.008902959525585175	0.00138888880610466	-1.0	/Users/dennisonbertram/Develop/flipbook-research/outputs/track-b/20260427T023313Z-track-b-hybrid-sweep-naturalist-f33-p1x0-5-crf23-r0-768x432/output.mp4	/Users/dennisonbertram/Develop/flipbook-research/outputs/track-b/20260427T023313Z-track-b-hybrid-sweep-naturalist-f33-p1x0-5-crf23-r0-768x432/contact-sheet.jpg
20260427T023312Z-768x432	naturalist	/Users/dennisonbertram/Develop/flipbook-research/outputs/track-v/20260425T144658Z-fal-kling-fal-kling-naturalist-etching-960x540-960x540/input.png	768x432	33	24	1.0	0.5	23	1	20260427T023313Z-track-b-hybrid-sweep-naturalist-f33-p1x0-5-crf23-r1-768x432	pass	64.01337508577853	4.916541976854205	2.406457904726267	0.0	56.66554206982255	515.5172642557853	0.9998914744503206	0.008902959525585175	0.00138888880610466	-1.0	/Users/dennisonbertram/Develop/flipbook-research/outputs/track-b/20260427T023313Z-track-b-hybrid-sweep-naturalist-f33-p1x0-5-crf23-r1-768x432/output.mp4	/Users/dennisonbertram/Develop/flipbook-research/outputs/track-b/20260427T023313Z-track-b-hybrid-sweep-naturalist-f33-p1x0-5-crf23-r1-768x432/contact-sheet.jpg
20260427T023312Z-768x432	naturalist	/Users/dennisonbertram/Develop/flipbook-research/outputs/track-v/20260425T144658Z-fal-kling-fal-kling-naturalist-etching-960x540-960x540/input.png	768x432	33	24	1.0	0.5	23	2	20260427T023315Z-track-b-hybrid-sweep-naturalist-f33-p1x0-5-crf23-r2-768x432	pass	64.39537508413196	4.343167063780129	2.5657910155132413	0.0	57.446957915090024	512.4591627408926	0.9998914744503206	0.008902959525585175	0.00138888880610466	-1.0	/Users/dennisonbertram/Develop/flipbook-research/outputs/track-b/20260427T023315Z-track-b-hybrid-sweep-naturalist-f33-p1x0-5-crf23-r2-768x432/output.mp4	/Users/dennisonbertram/Develop/flipbook-research/outputs/track-b/20260427T023315Z-track-b-hybrid-sweep-naturalist-f33-p1x0-5-crf23-r2-768x432/contact-sheet.jpg
20260427T023312Z-768x432	naturalist	/Users/dennisonbertram/Develop/flipbook-research/outputs/track-v/20260425T144658Z-fal-kling-fal-kling-naturalist-etching-960x540-960x540/input.png	768x432	33	24	2.0	1.0	23	0	20260427T023317Z-track-b-hybrid-sweep-naturalist-f33-p2x1-crf23-r0-768x432	pass	68.91425000503659	4.167707986198366	2.9593330109491944	0.0	61.75691704265773	478.85596952137183	0.9995160522516547	0.020240824669599533	0.0013756505213677883	-1.0	/Users/dennisonbertram/Develop/flipbook-research/outputs/track-b/20260427T023317Z-track-b-hybrid-sweep-naturalist-f33-p2x1-crf23-r0-768x432/output.mp4	/Users/dennisonbertram/Develop/flipbook-research/outputs/track-b/20260427T023317Z-track-b-hybrid-sweep-naturalist-f33-p2x1-crf23-r0-768x432/contact-sheet.jpg
20260427T023312Z-768x432	naturalist	/Users/dennisonbertram/Develop/flipbook-research/outputs/track-v/20260425T144658Z-fal-kling-fal-kling-naturalist-etching-960x540-960x540/input.png	768x432	33	24	2.0	1.0	23	1	20260427T023317Z-track-b-hybrid-sweep-naturalist-f33-p2x1-crf23-r1-768x432	pass	64.0999999595806	4.289166070520878	2.7747919084504247	0.0	56.99312500655651	514.8205931483423	0.9995160522516547	0.020240824669599533	0.0013756505213677883	-1.0	/Users/dennisonbertram/Develop/flipbook-research/outputs/track-b/20260427T023317Z-track-b-hybrid-sweep-naturalist-f33-p2x1-crf23-r1-768x432/output.mp4	/Users/dennisonbertram/Develop/flipbook-research/outputs/track-b/20260427T023317Z-track-b-hybrid-sweep-naturalist-f33-p2x1-crf23-r1-768x432/contact-sheet.jpg
20260427T023312Z-768x432	naturalist	/Users/dennisonbertram/Develop/flipbook-research/outputs/track-v/20260425T144658Z-fal-kling-fal-kling-naturalist-etching-960x540-960x540/input.png	768x432	33	24	2.0	1.0	23	2	20260427T023318Z-track-b-hybrid-sweep-naturalist-f33-p2x1-crf23-r2-768x432	pass	66.98512495495379	6.325333961285651	2.458083094097674	0.0	58.15991701092571	492.64668868188073	0.9995160522516547	0.020240824669599533	0.0013756505213677883	-1.0	/Users/dennisonbertram/Develop/flipbook-research/outputs/track-b/20260427T023318Z-track-b-hybrid-sweep-naturalist-f33-p2x1-crf23-r2-768x432/output.mp4	/Users/dennisonbertram/Develop/flipbook-research/outputs/track-b/20260427T023318Z-track-b-hybrid-sweep-naturalist-f33-p2x1-crf23-r2-768x432/contact-sheet.jpg
20260427T023312Z-768x432	naturalist	/Users/dennisonbertram/Develop/flipbook-research/outputs/track-v/20260425T144658Z-fal-kling-fal-kling-naturalist-etching-960x540-960x540/input.png	768x432	33	24	3.0	1.5	23	0	20260427T023319Z-track-b-hybrid-sweep-naturalist-f33-p3x1-5-crf23-r0-768x432	pass	67.1394590754062	6.181666976772249	2.358083031140268	0.0	58.572125039063394	491.5142369993893	0.9988807718397545	0.03170256316661835	0.0013803786132484674	-1.0	/Users/dennisonbertram/Develop/flipbook-research/outputs/track-b/20260427T023319Z-track-b-hybrid-sweep-naturalist-f33-p3x1-5-crf23-r0-768x432/output.mp4	/Users/dennisonbertram/Develop/flipbook-research/outputs/track-b/20260427T023319Z-track-b-hybrid-sweep-naturalist-f33-p3x1-5-crf23-r0-768x432/contact-sheet.jpg
20260427T023312Z-768x432	naturalist	/Users/dennisonbertram/Develop/flipbook-research/outputs/track-v/20260425T144658Z-fal-kling-fal-kling-naturalist-etching-960x540-960x540/input.png	768x432	33	24	3.0	1.5	23	1	20260427T023320Z-track-b-hybrid-sweep-naturalist-f33-p3x1-5-crf23-r1-768x432	pass	67.42808409035206	6.858333945274353	2.509125042706728	0.0	58.03312500938773	489.41031686115787	0.9988807718397545	0.03170256316661835	0.0013803786132484674	-1.0	/Users/dennisonbertram/Develop/flipbook-research/outputs/track-b/20260427T023320Z-track-b-hybrid-sweep-naturalist-f33-p3x1-5-crf23-r1-768x432/output.mp4	/Users/dennisonbertram/Develop/flipbook-research/outputs/track-b/20260427T023320Z-track-b-hybrid-sweep-naturalist-f33-p3x1-5-crf23-r1-768x432/contact-sheet.jpg
20260427T023312Z-768x432	naturalist	/Users/dennisonbertram/Develop/flipbook-research/outputs/track-v/20260425T144658Z-fal-kling-fal-kling-naturalist-etching-960x540-960x540/input.png	768x432	33	24	3.0	1.5	23	2	20260427T023321Z-track-b-hybrid-sweep-naturalist-f33-p3x1-5-crf23-r2-768x432	pass	65.39387500379235	4.1212920332327485	2.250541001558304	0.0	58.99533303454518	504.6344171848855	0.9988807718397545	0.03170256316661835	0.0013803786132484674	-1.0	/Users/dennisonbertram/Develop/flipbook-research/outputs/track-b/20260427T023321Z-track-b-hybrid-sweep-naturalist-f33-p3x1-5-crf23-r2-768x432/output.mp4	/Users/dennisonbertram/Develop/flipbook-research/outputs/track-b/20260427T023321Z-track-b-hybrid-sweep-naturalist-f33-p3x1-5-crf23-r2-768x432/contact-sheet.jpg
20260427T023312Z-768x432	naturalist	/Users/dennisonbertram/Develop/flipbook-research/outputs/track-v/20260425T144658Z-fal-kling-fal-kling-naturalist-etching-960x540-960x540/input.png	768x432	121	24	1.0	0.5	23	0	20260427T023322Z-track-b-hybrid-sweep-naturalist-f121-p1x0-5-crf23-r0-768x432	pass	121.0435830289498	3.614375018514693	2.1807500161230564	0.0	115.21883308887482	999.6399393684557	0.9998914680300072	0.008948914706707	0.0014091245830059052	-1.0	/Users/dennisonbertram/Develop/flipbook-research/outputs/track-b/20260427T023322Z-track-b-hybrid-sweep-naturalist-f121-p1x0-5-crf23-r0-768x432/output.mp4	/Users/dennisonbertram/Develop/flipbook-research/outputs/track-b/20260427T023322Z-track-b-hybrid-sweep-naturalist-f121-p1x0-5-crf23-r0-768x432/contact-sheet.jpg
20260427T023312Z-768x432	naturalist	/Users/dennisonbertram/Develop/flipbook-research/outputs/track-v/20260425T144658Z-fal-kling-fal-kling-naturalist-etching-960x540-960x540/input.png	768x432	121	24	1.0	0.5	23	1	20260427T023322Z-track-b-hybrid-sweep-naturalist-f121-p1x0-5-crf23-r1-768x432	pass	115.2117500314489	3.778541926294565	2.3971250047907233	0.0	108.99574996437877	1050.2401010918686	0.9998914680300072	0.008948914706707	0.0014091245830059052	-1.0	/Users/dennisonbertram/Develop/flipbook-research/outputs/track-b/20260427T023322Z-track-b-hybrid-sweep-naturalist-f121-p1x0-5-crf23-r1-768x432/output.mp4	/Users/dennisonbertram/Develop/flipbook-research/outputs/track-b/20260427T023322Z-track-b-hybrid-sweep-naturalist-f121-p1x0-5-crf23-r1-768x432/contact-sheet.jpg
20260427T023312Z-768x432	naturalist	/Users/dennisonbertram/Develop/flipbook-research/outputs/track-v/20260425T144658Z-fal-kling-fal-kling-naturalist-etching-960x540-960x540/input.png	768x432	121	24	1.0	0.5	23	2	20260427T023323Z-track-b-hybrid-sweep-naturalist-f121-p1x0-5-crf23-r2-768x432	pass	118.66520799230784	3.706375020556152	2.8146669501438737	0.0	112.11333400569856	1019.6754554025937	0.9998914680300072	0.008948914706707	0.0014091245830059052	-1.0	/Users/dennisonbertram/Develop/flipbook-research/outputs/track-b/20260427T023323Z-track-b-hybrid-sweep-naturalist-f121-p1x0-5-crf23-r2-768x432/output.mp4	/Users/dennisonbertram/Develop/flipbook-research/outputs/track-b/20260427T023323Z-track-b-hybrid-sweep-naturalist-f121-p1x0-5-crf23-r2-768x432/contact-sheet.jpg
20260427T023312Z-768x432	naturalist	/Users/dennisonbertram/Develop/flipbook-research/outputs/track-v/20260425T144658Z-fal-kling-fal-kling-naturalist-etching-960x540-960x540/input.png	768x432	121	24	2.0	1.0	23	0	20260427T023323Z-track-b-hybrid-sweep-naturalist-f121-p2x1-crf23-r0-768x432	pass	118.59666602686048	3.8955420022830367	2.2784159518778324	0.0	112.37804195843637	1020.2647684260804	0.9995151185182735	0.020292263478040695	0.0014212282840162516	-1.0	/Users/dennisonbertram/Develop/flipbook-research/outputs/track-b/20260427T023323Z-track-b-hybrid-sweep-naturalist-f121-p2x1-crf23-r0-768x432/output.mp4	/Users/dennisonbertram/Develop/flipbook-research/outputs/track-b/20260427T023323Z-track-b-hybrid-sweep-naturalist-f121-p2x1-crf23-r0-768x432/contact-sheet.jpg
20260427T023312Z-768x432	naturalist	/Users/dennisonbertram/Develop/flipbook-research/outputs/track-v/20260425T144658Z-fal-kling-fal-kling-naturalist-etching-960x540-960x540/input.png	768x432	121	24	2.0	1.0	23	1	20260427T023324Z-track-b-hybrid-sweep-naturalist-f121-p2x1-crf23-r1-768x432	pass	125.17804198432714	3.934917040169239	2.2268749307841063	0.0	118.9864999614656	966.6232038934572	0.9995151185182735	0.020292263478040695	0.0014212282840162516	-1.0	/Users/dennisonbertram/Develop/flipbook-research/outputs/track-b/20260427T023324Z-track-b-hybrid-sweep-naturalist-f121-p2x1-crf23-r1-768x432/output.mp4	/Users/dennisonbertram/Develop/flipbook-research/outputs/track-b/20260427T023324Z-track-b-hybrid-sweep-naturalist-f121-p2x1-crf23-r1-768x432/contact-sheet.jpg
20260427T023312Z-768x432	naturalist	/Users/dennisonbertram/Develop/flipbook-research/outputs/track-v/20260425T144658Z-fal-kling-fal-kling-naturalist-etching-960x540-960x540/input.png	768x432	121	24	2.0	1.0	23	2	20260427T023324Z-track-b-hybrid-sweep-naturalist-f121-p2x1-crf23-r2-768x432	pass	118.83616703562438	3.605084028095007	2.2632500622421503	0.0	112.93479206506163	1018.2085388510296	0.9995151185182735	0.020292263478040695	0.0014212282840162516	-1.0	/Users/dennisonbertram/Develop/flipbook-research/outputs/track-b/20260427T023324Z-track-b-hybrid-sweep-naturalist-f121-p2x1-crf23-r2-768x432/output.mp4	/Users/dennisonbertram/Develop/flipbook-research/outputs/track-b/20260427T023324Z-track-b-hybrid-sweep-naturalist-f121-p2x1-crf23-r2-768x432/contact-sheet.jpg
20260427T023312Z-768x432	naturalist	/Users/dennisonbertram/Develop/flipbook-research/outputs/track-v/20260425T144658Z-fal-kling-fal-kling-naturalist-etching-960x540-960x540/input.png	768x432	121	24	3.0	1.5	23	0	20260427T023325Z-track-b-hybrid-sweep-naturalist-f121-p3x1-5-crf23-r0-768x432	pass	123.58100002165884	3.7998330080881715	2.3850840516388416	0.0	117.35891702119261	979.1149123149473	0.9988802198104548	0.03172847256064415	0.0014333318686112761	-1.0	/Users/dennisonbertram/Develop/flipbook-research/outputs/track-b/20260427T023325Z-track-b-hybrid-sweep-naturalist-f121-p3x1-5-crf23-r0-768x432/output.mp4	/Users/dennisonbertram/Develop/flipbook-research/outputs/track-b/20260427T023325Z-track-b-hybrid-sweep-naturalist-f121-p3x1-5-crf23-r0-768x432/contact-sheet.jpg
20260427T023312Z-768x432	naturalist	/Users/dennisonbertram/Develop/flipbook-research/outputs/track-v/20260425T144658Z-fal-kling-fal-kling-naturalist-etching-960x540-960x540/input.png	768x432	121	24	3.0	1.5	23	1	20260427T023325Z-track-b-hybrid-sweep-naturalist-f121-p3x1-5-crf23-r1-768x432	pass	122.51558294519782	4.316582926549017	4.749333951622248	0.0	113.41495905071497	987.6294679520421	0.9988802198104548	0.03172847256064415	0.0014333318686112761	-1.0	/Users/dennisonbertram/Develop/flipbook-research/outputs/track-b/20260427T023325Z-track-b-hybrid-sweep-naturalist-f121-p3x1-5-crf23-r1-768x432/output.mp4	/Users/dennisonbertram/Develop/flipbook-research/outputs/track-b/20260427T023325Z-track-b-hybrid-sweep-naturalist-f121-p3x1-5-crf23-r1-768x432/contact-sheet.jpg
20260427T023312Z-768x432	naturalist	/Users/dennisonbertram/Develop/flipbook-research/outputs/track-v/20260425T144658Z-fal-kling-fal-kling-naturalist-etching-960x540-960x540/input.png	768x432	121	24	3.0	1.5	23	2	20260427T023326Z-track-b-hybrid-sweep-naturalist-f121-p3x1-5-crf23-r2-768x432	pass	130.1506250165403	3.8730419473722577	2.443583100102842	0.0	123.79537499509752	929.6920393937611	0.9988802198104548	0.03172847256064415	0.0014333318686112761	-1.0	/Users/dennisonbertram/Develop/flipbook-research/outputs/track-b/20260427T023326Z-track-b-hybrid-sweep-naturalist-f121-p3x1-5-crf23-r2-768x432/output.mp4	/Users/dennisonbertram/Develop/flipbook-research/outputs/track-b/20260427T023326Z-track-b-hybrid-sweep-naturalist-f121-p3x1-5-crf23-r2-768x432/contact-sheet.jpg
20260427T023312Z-768x432	canal	/Users/dennisonbertram/Develop/flipbook-research/outputs/track-v/20260425T135104Z-fal-kling-canal-city-illustration-960x540/input.png	768x432	33	24	1.0	0.5	23	0	20260427T023326Z-track-b-hybrid-sweep-canal-f33-p1x0-5-crf23-r0-768x432	pass	82.64974993653595	3.5840830532833934	2.343666972592473	0.0	76.68904098682106	399.275255222667	0.9998000929617782	0.01584191992878914	0.0015579612227156758	-1.0	/Users/dennisonbertram/Develop/flipbook-research/outputs/track-b/20260427T023326Z-track-b-hybrid-sweep-canal-f33-p1x0-5-crf23-r0-768x432/output.mp4	/Users/dennisonbertram/Develop/flipbook-research/outputs/track-b/20260427T023326Z-track-b-hybrid-sweep-canal-f33-p1x0-5-crf23-r0-768x432/contact-sheet.jpg
20260427T023312Z-768x432	canal	/Users/dennisonbertram/Develop/flipbook-research/outputs/track-v/20260425T135104Z-fal-kling-canal-city-illustration-960x540/input.png	768x432	33	24	1.0	0.5	23	1	20260427T023327Z-track-b-hybrid-sweep-canal-f33-p1x0-5-crf23-r1-768x432	pass	73.59341601841152	3.9486249443143606	2.66716699115932	0.0	66.94558297749609	448.4096782753514	0.9998000929617782	0.01584191992878914	0.0015579612227156758	-1.0	/Users/dennisonbertram/Develop/flipbook-research/outputs/track-b/20260427T023327Z-track-b-hybrid-sweep-canal-f33-p1x0-5-crf23-r1-768x432/output.mp4	/Users/dennisonbertram/Develop/flipbook-research/outputs/track-b/20260427T023327Z-track-b-hybrid-sweep-canal-f33-p1x0-5-crf23-r1-768x432/contact-sheet.jpg
20260427T023312Z-768x432	canal	/Users/dennisonbertram/Develop/flipbook-research/outputs/track-v/20260425T135104Z-fal-kling-canal-city-illustration-960x540/input.png	768x432	33	24	1.0	0.5	23	2	20260427T023327Z-track-b-hybrid-sweep-canal-f33-p1x0-5-crf23-r2-768x432	pass	73.36483395192772	3.7692919140681624	2.4533329997211695	0.0	67.09983304608613	449.8067837463278	0.9998000929617782	0.01584191992878914	0.0015579612227156758	-1.0	/Users/dennisonbertram/Develop/flipbook-research/outputs/track-b/20260427T023327Z-track-b-hybrid-sweep-canal-f33-p1x0-5-crf23-r2-768x432/output.mp4	/Users/dennisonbertram/Develop/flipbook-research/outputs/track-b/20260427T023327Z-track-b-hybrid-sweep-canal-f33-p1x0-5-crf23-r2-768x432/contact-sheet.jpg
20260427T023312Z-768x432	canal	/Users/dennisonbertram/Develop/flipbook-research/outputs/track-v/20260425T135104Z-fal-kling-canal-city-illustration-960x540/input.png	768x432	33	24	2.0	1.0	23	0	20260427T023328Z-track-b-hybrid-sweep-canal-f33-p2x1-crf23-r0-768x432	pass	76.8877089722082	3.63537494558841	2.3522089468315244	0.0	70.8519589388743	429.1973377946294	0.9990028882298608	0.0359233133494854	0.0015312953619286418	-1.0	/Users/dennisonbertram/Develop/flipbook-research/outputs/track-b/20260427T023328Z-track-b-hybrid-sweep-canal-f33-p2x1-crf23-r0-768x432/output.mp4	/Users/dennisonbertram/Develop/flipbook-research/outputs/track-b/20260427T023328Z-track-b-hybrid-sweep-canal-f33-p2x1-crf23-r0-768x432/contact-sheet.jpg
20260427T023312Z-768x432	canal	/Users/dennisonbertram/Develop/flipbook-research/outputs/track-v/20260425T135104Z-fal-kling-canal-city-illustration-960x540/input.png	768x432	33	24	2.0	1.0	23	1	20260427T023328Z-track-b-hybrid-sweep-canal-f33-p2x1-crf23-r1-768x432	pass	90.6771250301972	3.773291944526136	3.8637910038232803	0.0	83.00758304540068	363.92860921660645	0.9990028882298608	0.0359233133494854	0.0015312953619286418	-1.0	/Users/dennisonbertram/Develop/flipbook-research/outputs/track-b/20260427T023328Z-track-b-hybrid-sweep-canal-f33-p2x1-crf23-r1-768x432/output.mp4	/Users/dennisonbertram/Develop/flipbook-research/outputs/track-b/20260427T023328Z-track-b-hybrid-sweep-canal-f33-p2x1-crf23-r1-768x432/contact-sheet.jpg
20260427T023312Z-768x432	canal	/Users/dennisonbertram/Develop/flipbook-research/outputs/track-v/20260425T135104Z-fal-kling-canal-city-illustration-960x540/input.png	768x432	33	24	2.0	1.0	23	2	20260427T023329Z-track-b-hybrid-sweep-canal-f33-p2x1-crf23-r2-768x432	pass	75.8277919376269	3.7512920098379254	2.367999986745417	0.0	69.65325004421175	435.1966364409577	0.9990028882298608	0.0359233133494854	0.0015312953619286418	-1.0	/Users/dennisonbertram/Develop/flipbook-research/outputs/track-b/20260427T023329Z-track-b-hybrid-sweep-canal-f33-p2x1-crf23-r2-768x432/output.mp4	/Users/dennisonbertram/Develop/flipbook-research/outputs/track-b/20260427T023329Z-track-b-hybrid-sweep-canal-f33-p2x1-crf23-r2-768x432/contact-sheet.jpg
20260427T023312Z-768x432	canal	/Users/dennisonbertram/Develop/flipbook-research/outputs/track-v/20260425T135104Z-fal-kling-canal-city-illustration-960x540/input.png	768x432	33	24	3.0	1.5	23	0	20260427T023329Z-track-b-hybrid-sweep-canal-f33-p3x1-5-crf23-r0-768x432	pass	77.02858303673565	3.577708965167403	2.6390410494059324	0.0	70.77708397991955	428.4123983464942	0.9975498148766478	0.05602381378412247	0.0015558808809146285	-1.0	/Users/dennisonbertram/Develop/flipbook-research/outputs/track-b/20260427T023329Z-track-b-hybrid-sweep-canal-f33-p3x1-5-crf23-r0-768x432/output.mp4	/Users/dennisonbertram/Develop/flipbook-research/outputs/track-b/20260427T023329Z-track-b-hybrid-sweep-canal-f33-p3x1-5-crf23-r0-768x432/contact-sheet.jpg
20260427T023312Z-768x432	canal	/Users/dennisonbertram/Develop/flipbook-research/outputs/track-v/20260425T135104Z-fal-kling-canal-city-illustration-960x540/input.png	768x432	33	24	3.0	1.5	23	1	20260427T023330Z-track-b-hybrid-sweep-canal-f33-p3x1-5-crf23-r1-768x432	pass	73.73391697183251	3.6085830070078373	2.5303339352831244	0.0	67.55104195326567	447.55522770621974	0.9975498148766478	0.05602381378412247	0.0015558808809146285	-1.0	/Users/dennisonbertram/Develop/flipbook-research/outputs/track-b/20260427T023330Z-track-b-hybrid-sweep-canal-f33-p3x1-5-crf23-r1-768x432/output.mp4	/Users/dennisonbertram/Develop/flipbook-research/outputs/track-b/20260427T023330Z-track-b-hybrid-sweep-canal-f33-p3x1-5-crf23-r1-768x432/contact-sheet.jpg
20260427T023312Z-768x432	canal	/Users/dennisonbertram/Develop/flipbook-research/outputs/track-v/20260425T135104Z-fal-kling-canal-city-illustration-960x540/input.png	768x432	33	24	3.0	1.5	23	2	20260427T023330Z-track-b-hybrid-sweep-canal-f33-p3x1-5-crf23-r2-768x432	pass	73.02216696552932	3.573334077373147	2.4180420441552997	0.0	67.00329203158617	451.91756655999956	0.9975498148766478	0.05602381378412247	0.0015558808809146285	-1.0	/Users/dennisonbertram/Develop/flipbook-research/outputs/track-b/20260427T023330Z-track-b-hybrid-sweep-canal-f33-p3x1-5-crf23-r2-768x432/output.mp4	/Users/dennisonbertram/Develop/flipbook-research/outputs/track-b/20260427T023330Z-track-b-hybrid-sweep-canal-f33-p3x1-5-crf23-r2-768x432/contact-sheet.jpg
20260427T023312Z-768x432	canal	/Users/dennisonbertram/Develop/flipbook-research/outputs/track-v/20260425T135104Z-fal-kling-canal-city-illustration-960x540/input.png	768x432	121	24	1.0	0.5	23	0	20260427T023331Z-track-b-hybrid-sweep-canal-f121-p1x0-5-crf23-r0-768x432	pass	136.5179589483887	3.8672920782119036	2.5259159738197923	0.0	130.08870894555002	886.330274288269	0.9998005063092572	0.01585383340716362	0.0015581502811983228	-1.0	/Users/dennisonbertram/Develop/flipbook-research/outputs/track-b/20260427T023331Z-track-b-hybrid-sweep-canal-f121-p1x0-5-crf23-r0-768x432/output.mp4	/Users/dennisonbertram/Develop/flipbook-research/outputs/track-b/20260427T023331Z-track-b-hybrid-sweep-canal-f121-p1x0-5-crf23-r0-768x432/contact-sheet.jpg
20260427T023312Z-768x432	canal	/Users/dennisonbertram/Develop/flipbook-research/outputs/track-v/20260425T135104Z-fal-kling-canal-city-illustration-960x540/input.png	768x432	121	24	1.0	0.5	23	1	20260427T023331Z-track-b-hybrid-sweep-canal-f121-p1x0-5-crf23-r1-768x432	pass	136.1762499436736	3.7524999352172017	2.606249996460974	0.0	129.78800002019852	888.554355477178	0.9998005063092572	0.01585383340716362	0.0015581502811983228	-1.0	/Users/dennisonbertram/Develop/flipbook-research/outputs/track-b/20260427T023331Z-track-b-hybrid-sweep-canal-f121-p1x0-5-crf23-r1-768x432/output.mp4	/Users/dennisonbertram/Develop/flipbook-research/outputs/track-b/20260427T023331Z-track-b-hybrid-sweep-canal-f121-p1x0-5-crf23-r1-768x432/contact-sheet.jpg
20260427T023312Z-768x432	canal	/Users/dennisonbertram/Develop/flipbook-research/outputs/track-v/20260425T135104Z-fal-kling-canal-city-illustration-960x540/input.png	768x432	121	24	1.0	0.5	23	2	20260427T023332Z-track-b-hybrid-sweep-canal-f121-p1x0-5-crf23-r2-768x432	pass	136.95916696451604	3.8383749779313803	2.2169160656630993	0.0	130.87674998678267	883.4749997519274	0.9998005063092572	0.01585383340716362	0.0015581502811983228	-1.0	/Users/dennisonbertram/Develop/flipbook-research/outputs/track-b/20260427T023332Z-track-b-hybrid-sweep-canal-f121-p1x0-5-crf23-r2-768x432/output.mp4	/Users/dennisonbertram/Develop/flipbook-research/outputs/track-b/20260427T023332Z-track-b-hybrid-sweep-canal-f121-p1x0-5-crf23-r2-768x432/contact-sheet.jpg
20260427T023312Z-768x432	canal	/Users/dennisonbertram/Develop/flipbook-research/outputs/track-v/20260425T135104Z-fal-kling-canal-city-illustration-960x540/input.png	768x432	121	24	2.0	1.0	23	0	20260427T023333Z-track-b-hybrid-sweep-canal-f121-p2x1-crf23-r0-768x432	pass	134.38354094978422	3.399458946660161	2.3003750247880816	0.0	128.65129206329584	900.4078858527376	0.9990018936823258	0.03596189618110657	0.0015723342075943947	-1.0	/Users/dennisonbertram/Develop/flipbook-research/outputs/track-b/20260427T023333Z-track-b-hybrid-sweep-canal-f121-p2x1-crf23-r0-768x432/output.mp4	/Users/dennisonbertram/Develop/flipbook-research/outputs/track-b/20260427T023333Z-track-b-hybrid-sweep-canal-f121-p2x1-crf23-r0-768x432/contact-sheet.jpg
20260427T023312Z-768x432	canal	/Users/dennisonbertram/Develop/flipbook-research/outputs/track-v/20260425T135104Z-fal-kling-canal-city-illustration-960x540/input.png	768x432	121	24	2.0	1.0	23	1	20260427T023333Z-track-b-hybrid-sweep-canal-f121-p2x1-crf23-r1-768x432	pass	134.4239169266075	3.7779579870402813	2.1807500161230564	0.0	128.44187498558313	900.1374365996443	0.9990018936823258	0.03596189618110657	0.0015723342075943947	-1.0	/Users/dennisonbertram/Develop/flipbook-research/outputs/track-b/20260427T023333Z-track-b-hybrid-sweep-canal-f121-p2x1-crf23-r1-768x432/output.mp4	/Users/dennisonbertram/Develop/flipbook-research/outputs/track-b/20260427T023333Z-track-b-hybrid-sweep-canal-f121-p2x1-crf23-r1-768x432/contact-sheet.jpg
20260427T023312Z-768x432	canal	/Users/dennisonbertram/Develop/flipbook-research/outputs/track-v/20260425T135104Z-fal-kling-canal-city-illustration-960x540/input.png	768x432	121	24	2.0	1.0	23	2	20260427T023334Z-track-b-hybrid-sweep-canal-f121-p2x1-crf23-r2-768x432	pass	134.43924998864532	3.7484170170500875	2.2865410428494215	0.0	128.37795808445662	900.034774146833	0.9990018936823258	0.03596189618110657	0.0015723342075943947	-1.0	/Users/dennisonbertram/Develop/flipbook-research/outputs/track-b/20260427T023334Z-track-b-hybrid-sweep-canal-f121-p2x1-crf23-r2-768x432/output.mp4	/Users/dennisonbertram/Develop/flipbook-research/outputs/track-b/20260427T023334Z-track-b-hybrid-sweep-canal-f121-p2x1-crf23-r2-768x432/contact-sheet.jpg
20260427T023312Z-768x432	canal	/Users/dennisonbertram/Develop/flipbook-research/outputs/track-v/20260425T135104Z-fal-kling-canal-city-illustration-960x540/input.png	768x432	121	24	3.0	1.5	23	0	20260427T023334Z-track-b-hybrid-sweep-canal-f121-p3x1-5-crf23-r0-768x432	pass	134.63745801709592	3.7491669645532966	2.321665990166366	0.0	128.5342499613762	898.7097779626508	0.9975497140461828	0.05603988841176033	0.0015787642914801836	-1.0	/Users/dennisonbertram/Develop/flipbook-research/outputs/track-b/20260427T023334Z-track-b-hybrid-sweep-canal-f121-p3x1-5-crf23-r0-768x432/output.mp4	/Users/dennisonbertram/Develop/flipbook-research/outputs/track-b/20260427T023334Z-track-b-hybrid-sweep-canal-f121-p3x1-5-crf23-r0-768x432/contact-sheet.jpg
20260427T023312Z-768x432	canal	/Users/dennisonbertram/Develop/flipbook-research/outputs/track-v/20260425T135104Z-fal-kling-canal-city-illustration-960x540/input.png	768x432	121	24	3.0	1.5	23	1	20260427T023335Z-track-b-hybrid-sweep-canal-f121-p3x1-5-crf23-r1-768x432	pass	136.87745900824666	3.572207991965115	2.238792018033564	0.0	131.04045810177922	884.0023834217286	0.9975497140461828	0.05603988841176033	0.0015787642914801836	-1.0	/Users/dennisonbertram/Develop/flipbook-research/outputs/track-b/20260427T023335Z-track-b-hybrid-sweep-canal-f121-p3x1-5-crf23-r1-768x432/output.mp4	/Users/dennisonbertram/Develop/flipbook-research/outputs/track-b/20260427T023335Z-track-b-hybrid-sweep-canal-f121-p3x1-5-crf23-r1-768x432/contact-sheet.jpg
20260427T023312Z-768x432	canal	/Users/dennisonbertram/Develop/flipbook-research/outputs/track-v/20260425T135104Z-fal-kling-canal-city-illustration-960x540/input.png	768x432	121	24	3.0	1.5	23	2	20260427T023335Z-track-b-hybrid-sweep-canal-f121-p3x1-5-crf23-r2-768x432	pass	134.05308406800032	3.8032500306144357	2.3001249646767974	0.0	127.9207500629127	902.6274989587039	0.9975497140461828	0.05603988841176033	0.0015787642914801836	-1.0	/Users/dennisonbertram/Develop/flipbook-research/outputs/track-b/20260427T023335Z-track-b-hybrid-sweep-canal-f121-p3x1-5-crf23-r2-768x432/output.mp4	/Users/dennisonbertram/Develop/flipbook-research/outputs/track-b/20260427T023335Z-track-b-hybrid-sweep-canal-f121-p3x1-5-crf23-r2-768x432/contact-sheet.jpg
20260427T023312Z-768x432	dense-text	/Users/dennisonbertram/Develop/flipbook-research/outputs/track-v/20260425T134237Z-fal-kling-text-fixture-smoke-960x540/input.png	768x432	33	24	1.0	0.5	23	0	20260427T023336Z-track-b-hybrid-sweep-dense-text-f33-p1x0-5-crf23-r0-768x432	pass	51.294124918058515	4.045250010676682	2.8512909775599837	0.0	44.36808300670236	643.3485326578226	0.9998978241443574	0.004915955476462841	0.000678936718031764	-1.0	/Users/dennisonbertram/Develop/flipbook-research/outputs/track-b/20260427T023336Z-track-b-hybrid-sweep-dense-text-f33-p1x0-5-crf23-r0-768x432/output.mp4	/Users/dennisonbertram/Develop/flipbook-research/outputs/track-b/20260427T023336Z-track-b-hybrid-sweep-dense-text-f33-p1x0-5-crf23-r0-768x432/contact-sheet.jpg
20260427T023312Z-768x432	dense-text	/Users/dennisonbertram/Develop/flipbook-research/outputs/track-v/20260425T134237Z-fal-kling-text-fixture-smoke-960x540/input.png	768x432	33	24	1.0	0.5	23	1	20260427T023336Z-track-b-hybrid-sweep-dense-text-f33-p1x0-5-crf23-r1-768x432	pass	51.03712505660951	3.868625033646822	2.2721249843016267	0.0	44.869041070342064	646.588144676977	0.9998978241443574	0.004915955476462841	0.000678936718031764	-1.0	/Users/dennisonbertram/Develop/flipbook-research/outputs/track-b/20260427T023336Z-track-b-hybrid-sweep-dense-text-f33-p1x0-5-crf23-r1-768x432/output.mp4	/Users/dennisonbertram/Develop/flipbook-research/outputs/track-b/20260427T023336Z-track-b-hybrid-sweep-dense-text-f33-p1x0-5-crf23-r1-768x432/contact-sheet.jpg
20260427T023312Z-768x432	dense-text	/Users/dennisonbertram/Develop/flipbook-research/outputs/track-v/20260425T134237Z-fal-kling-text-fixture-smoke-960x540/input.png	768x432	33	24	1.0	0.5	23	2	20260427T023337Z-track-b-hybrid-sweep-dense-text-f33-p1x0-5-crf23-r2-768x432	pass	51.399582996964455	3.7969580153003335	3.793334006331861	0.0	43.764624977484345	642.0285550166604	0.9998978241443574	0.004915955476462841	0.000678936718031764	-1.0	/Users/dennisonbertram/Develop/flipbook-research/outputs/track-b/20260427T023337Z-track-b-hybrid-sweep-dense-text-f33-p1x0-5-crf23-r2-768x432/output.mp4	/Users/dennisonbertram/Develop/flipbook-research/outputs/track-b/20260427T023337Z-track-b-hybrid-sweep-dense-text-f33-p1x0-5-crf23-r2-768x432/contact-sheet.jpg
20260427T023312Z-768x432	dense-text	/Users/dennisonbertram/Develop/flipbook-research/outputs/track-v/20260425T134237Z-fal-kling-text-fixture-smoke-960x540/input.png	768x432	33	24	2.0	1.0	23	0	20260427T023337Z-track-b-hybrid-sweep-dense-text-f33-p2x1-crf23-r0-768x432	pass	51.660167053341866	3.48816707264632	2.4075419642031193	0.0	45.73762498330325	638.7900365464508	0.9995060526938159	0.013862601481378078	0.000711086904630065	-1.0	/Users/dennisonbertram/Develop/flipbook-research/outputs/track-b/20260427T023337Z-track-b-hybrid-sweep-dense-text-f33-p2x1-crf23-r0-768x432/output.mp4	/Users/dennisonbertram/Develop/flipbook-research/outputs/track-b/20260427T023337Z-track-b-hybrid-sweep-dense-text-f33-p2x1-crf23-r0-768x432/contact-sheet.jpg
20260427T023312Z-768x432	dense-text	/Users/dennisonbertram/Develop/flipbook-research/outputs/track-v/20260425T134237Z-fal-kling-text-fixture-smoke-960x540/input.png	768x432	33	24	2.0	1.0	23	1	20260427T023337Z-track-b-hybrid-sweep-dense-text-f33-p2x1-crf23-r1-768x432	pass	51.691124914214015	3.6134159890934825	2.3611250799149275	0.0	45.68466707132757	638.407464623113	0.9995060526938159	0.013862601481378078	0.000711086904630065	-1.0	/Users/dennisonbertram/Develop/flipbook-research/outputs/track-b/20260427T023337Z-track-b-hybrid-sweep-dense-text-f33-p2x1-crf23-r1-768x432/output.mp4	/Users/dennisonbertram/Develop/flipbook-research/outputs/track-b/20260427T023337Z-track-b-hybrid-sweep-dense-text-f33-p2x1-crf23-r1-768x432/contact-sheet.jpg
20260427T023312Z-768x432	dense-text	/Users/dennisonbertram/Develop/flipbook-research/outputs/track-v/20260425T134237Z-fal-kling-text-fixture-smoke-960x540/input.png	768x432	33	24	2.0	1.0	23	2	20260427T023338Z-track-b-hybrid-sweep-dense-text-f33-p2x1-crf23-r2-768x432	pass	50.58337491936982	4.046957939863205	2.397333038970828	0.0	44.111791998147964	652.3882610166321	0.9995060526938159	0.013862601481378078	0.000711086904630065	-1.0	/Users/dennisonbertram/Develop/flipbook-research/outputs/track-b/20260427T023338Z-track-b-hybrid-sweep-dense-text-f33-p2x1-crf23-r2-768x432/output.mp4	/Users/dennisonbertram/Develop/flipbook-research/outputs/track-b/20260427T023338Z-track-b-hybrid-sweep-dense-text-f33-p2x1-crf23-r2-768x432/contact-sheet.jpg
20260427T023312Z-768x432	dense-text	/Users/dennisonbertram/Develop/flipbook-research/outputs/track-v/20260425T134237Z-fal-kling-text-fixture-smoke-960x540/input.png	768x432	33	24	3.0	1.5	23	0	20260427T023338Z-track-b-hybrid-sweep-dense-text-f33-p3x1-5-crf23-r0-768x432	pass	50.30908400658518	3.7673329934477806	2.4258330231532454	0.0	44.08929101191461	655.9451568563737	0.9988115086195547	0.02335769310593605	0.0007515583420172334	-1.0	/Users/dennisonbertram/Develop/flipbook-research/outputs/track-b/20260427T023338Z-track-b-hybrid-sweep-dense-text-f33-p3x1-5-crf23-r0-768x432/output.mp4	/Users/dennisonbertram/Develop/flipbook-research/outputs/track-b/20260427T023338Z-track-b-hybrid-sweep-dense-text-f33-p3x1-5-crf23-r0-768x432/contact-sheet.jpg
20260427T023312Z-768x432	dense-text	/Users/dennisonbertram/Develop/flipbook-research/outputs/track-v/20260425T134237Z-fal-kling-text-fixture-smoke-960x540/input.png	768x432	33	24	3.0	1.5	23	1	20260427T023338Z-track-b-hybrid-sweep-dense-text-f33-p3x1-5-crf23-r1-768x432	pass	53.66612505167723	3.6974590038880706	2.5828330544754863	0.0	47.3552499897778	614.9130381264345	0.9988115086195547	0.02335769310593605	0.0007515583420172334	-1.0	/Users/dennisonbertram/Develop/flipbook-research/outputs/track-b/20260427T023338Z-track-b-hybrid-sweep-dense-text-f33-p3x1-5-crf23-r1-768x432/output.mp4	/Users/dennisonbertram/Develop/flipbook-research/outputs/track-b/20260427T023338Z-track-b-hybrid-sweep-dense-text-f33-p3x1-5-crf23-r1-768x432/contact-sheet.jpg
20260427T023312Z-768x432	dense-text	/Users/dennisonbertram/Develop/flipbook-research/outputs/track-v/20260425T134237Z-fal-kling-text-fixture-smoke-960x540/input.png	768x432	33	24	3.0	1.5	23	2	20260427T023339Z-track-b-hybrid-sweep-dense-text-f33-p3x1-5-crf23-r2-768x432	pass	50.76916690450162	3.871958004310727	2.3251670645549893	0.0	44.547167024575174	650.0008176630912	0.9988115086195547	0.02335769310593605	0.0007515583420172334	-1.0	/Users/dennisonbertram/Develop/flipbook-research/outputs/track-b/20260427T023339Z-track-b-hybrid-sweep-dense-text-f33-p3x1-5-crf23-r2-768x432/output.mp4	/Users/dennisonbertram/Develop/flipbook-research/outputs/track-b/20260427T023339Z-track-b-hybrid-sweep-dense-text-f33-p3x1-5-crf23-r2-768x432/contact-sheet.jpg
20260427T023312Z-768x432	dense-text	/Users/dennisonbertram/Develop/flipbook-research/outputs/track-v/20260425T134237Z-fal-kling-text-fixture-smoke-960x540/input.png	768x432	121	24	1.0	0.5	23	0	20260427T023339Z-track-b-hybrid-sweep-dense-text-f121-p1x0-5-crf23-r0-768x432	pass	85.04516608081758	4.407624946907163	2.5712079368531704	0.0	78.03387497551739	1422.7733988433263	0.999897827115805	0.0049029067158699036	0.0006897164857946336	-1.0	/Users/dennisonbertram/Develop/flipbook-research/outputs/track-b/20260427T023339Z-track-b-hybrid-sweep-dense-text-f121-p1x0-5-crf23-r0-768x432/output.mp4	/Users/dennisonbertram/Develop/flipbook-research/outputs/track-b/20260427T023339Z-track-b-hybrid-sweep-dense-text-f121-p1x0-5-crf23-r0-768x432/contact-sheet.jpg
20260427T023312Z-768x432	dense-text	/Users/dennisonbertram/Develop/flipbook-research/outputs/track-v/20260425T134237Z-fal-kling-text-fixture-smoke-960x540/input.png	768x432	121	24	1.0	0.5	23	1	20260427T023339Z-track-b-hybrid-sweep-dense-text-f121-p1x0-5-crf23-r1-768x432	pass	91.50370897259563	3.5680000437423587	2.665415988303721	0.0	85.23629105184227	1322.350769805825	0.999897827115805	0.0049029067158699036	0.0006897164857946336	-1.0	/Users/dennisonbertram/Develop/flipbook-research/outputs/track-b/20260427T023339Z-track-b-hybrid-sweep-dense-text-f121-p1x0-5-crf23-r1-768x432/output.mp4	/Users/dennisonbertram/Develop/flipbook-research/outputs/track-b/20260427T023339Z-track-b-hybrid-sweep-dense-text-f121-p1x0-5-crf23-r1-768x432/contact-sheet.jpg
20260427T023312Z-768x432	dense-text	/Users/dennisonbertram/Develop/flipbook-research/outputs/track-v/20260425T134237Z-fal-kling-text-fixture-smoke-960x540/input.png	768x432	121	24	1.0	0.5	23	2	20260427T023340Z-track-b-hybrid-sweep-dense-text-f121-p1x0-5-crf23-r2-768x432	pass	80.45170805417001	3.646833007223904	2.3079580860212445	0.0	74.47033398784697	1504.0078442899917	0.999897827115805	0.0049029067158699036	0.0006897164857946336	-1.0	/Users/dennisonbertram/Develop/flipbook-research/outputs/track-b/20260427T023340Z-track-b-hybrid-sweep-dense-text-f121-p1x0-5-crf23-r2-768x432/output.mp4	/Users/dennisonbertram/Develop/flipbook-research/outputs/track-b/20260427T023340Z-track-b-hybrid-sweep-dense-text-f121-p1x0-5-crf23-r2-768x432/contact-sheet.jpg
20260427T023312Z-768x432	dense-text	/Users/dennisonbertram/Develop/flipbook-research/outputs/track-v/20260425T134237Z-fal-kling-text-fixture-smoke-960x540/input.png	768x432	121	24	2.0	1.0	23	0	20260427T023340Z-track-b-hybrid-sweep-dense-text-f121-p2x1-crf23-r0-768x432	pass	80.23199997842312	3.3740419894456863	2.4130840320140123	0.0	74.4167499942705	1508.1264337488865	0.9995053271124122	0.013781847432255745	0.0007231904892250896	-1.0	/Users/dennisonbertram/Develop/flipbook-research/outputs/track-b/20260427T023340Z-track-b-hybrid-sweep-dense-text-f121-p2x1-crf23-r0-768x432/output.mp4	/Users/dennisonbertram/Develop/flipbook-research/outputs/track-b/20260427T023340Z-track-b-hybrid-sweep-dense-text-f121-p2x1-crf23-r0-768x432/contact-sheet.jpg
20260427T023312Z-768x432	dense-text	/Users/dennisonbertram/Develop/flipbook-research/outputs/track-v/20260425T134237Z-fal-kling-text-fixture-smoke-960x540/input.png	768x432	121	24	2.0	1.0	23	1	20260427T023341Z-track-b-hybrid-sweep-dense-text-f121-p2x1-crf23-r1-768x432	pass	83.36225000675768	3.5336249275133014	2.768290927633643	0.0	77.02858408447355	1451.4963306555576	0.9995053271124122	0.013781847432255745	0.0007231904892250896	-1.0	/Users/dennisonbertram/Develop/flipbook-research/outputs/track-b/20260427T023341Z-track-b-hybrid-sweep-dense-text-f121-p2x1-crf23-r1-768x432/output.mp4	/Users/dennisonbertram/Develop/flipbook-research/outputs/track-b/20260427T023341Z-track-b-hybrid-sweep-dense-text-f121-p2x1-crf23-r1-768x432/contact-sheet.jpg
20260427T023312Z-768x432	dense-text	/Users/dennisonbertram/Develop/flipbook-research/outputs/track-v/20260425T134237Z-fal-kling-text-fixture-smoke-960x540/input.png	768x432	121	24	2.0	1.0	23	2	20260427T023341Z-track-b-hybrid-sweep-dense-text-f121-p2x1-crf23-r2-768x432	pass	84.04237509239465	3.744165995158255	2.351374947465956	0.0	77.92133302427828	1439.7498864944596	0.9995053271124122	0.013781847432255745	0.0007231904892250896	-1.0	/Users/dennisonbertram/Develop/flipbook-research/outputs/track-b/20260427T023341Z-track-b-hybrid-sweep-dense-text-f121-p2x1-crf23-r2-768x432/output.mp4	/Users/dennisonbertram/Develop/flipbook-research/outputs/track-b/20260427T023341Z-track-b-hybrid-sweep-dense-text-f121-p2x1-crf23-r2-768x432/contact-sheet.jpg
20260427T023312Z-768x432	dense-text	/Users/dennisonbertram/Develop/flipbook-research/outputs/track-v/20260425T134237Z-fal-kling-text-fixture-smoke-960x540/input.png	768x432	121	24	3.0	1.5	23	0	20260427T023341Z-track-b-hybrid-sweep-dense-text-f121-p3x1-5-crf23-r0-768x432	pass	80.12212498579174	3.563375095836818	2.2112919250503182	0.0	74.30254202336073	1510.1945938335664	0.9988109825787355	0.023356935009360313	0.0007908950792625546	-1.0	/Users/dennisonbertram/Develop/flipbook-research/outputs/track-b/20260427T023341Z-track-b-hybrid-sweep-dense-text-f121-p3x1-5-crf23-r0-768x432/output.mp4	/Users/dennisonbertram/Develop/flipbook-research/outputs/track-b/20260427T023341Z-track-b-hybrid-sweep-dense-text-f121-p3x1-5-crf23-r0-768x432/contact-sheet.jpg
20260427T023312Z-768x432	dense-text	/Users/dennisonbertram/Develop/flipbook-research/outputs/track-v/20260425T134237Z-fal-kling-text-fixture-smoke-960x540/input.png	768x432	121	24	3.0	1.5	23	1	20260427T023342Z-track-b-hybrid-sweep-dense-text-f121-p3x1-5-crf23-r1-768x432	pass	82.6154169626534	4.174874979071319	2.3828750709071755	0.0	76.0315420338884	1464.6176760773174	0.9988109825787355	0.023356935009360313	0.0007908950792625546	-1.0	/Users/dennisonbertram/Develop/flipbook-research/outputs/track-b/20260427T023342Z-track-b-hybrid-sweep-dense-text-f121-p3x1-5-crf23-r1-768x432/output.mp4	/Users/dennisonbertram/Develop/flipbook-research/outputs/track-b/20260427T023342Z-track-b-hybrid-sweep-dense-text-f121-p3x1-5-crf23-r1-768x432/contact-sheet.jpg
20260427T023312Z-768x432	dense-text	/Users/dennisonbertram/Develop/flipbook-research/outputs/track-v/20260425T134237Z-fal-kling-text-fixture-smoke-960x540/input.png	768x432	121	24	3.0	1.5	23	2	20260427T023342Z-track-b-hybrid-sweep-dense-text-f121-p3x1-5-crf23-r2-768x432	pass	82.50620809849352	3.844041028060019	2.546124975197017	0.0	76.09087508171797	1466.5563087756223	0.9988109825787355	0.023356935009360313	0.0007908950792625546	-1.0	/Users/dennisonbertram/Develop/flipbook-research/outputs/track-b/20260427T023342Z-track-b-hybrid-sweep-dense-text-f121-p3x1-5-crf23-r2-768x432/output.mp4	/Users/dennisonbertram/Develop/flipbook-research/outputs/track-b/20260427T023342Z-track-b-hybrid-sweep-dense-text-f121-p3x1-5-crf23-r2-768x432/contact-sheet.jpg
